date,price,earnings,trailing_pe,cape
1871.01,4.44,0.4,11.1,
1871.02,4.5,0.4,11.25,
1871.03,4.61,0.4,11.525,
1871.04,4.74,0.4,11.85,
1871.05,4.86,0.4,12.15,
1871.06,4.82,0.4,12.05,
1871.07,4.73,0.4,11.825000000000001,
1871.08,4.79,0.4,11.975,
1871.09,4.84,0.4,12.1,
1871.1,4.59,0.4,11.475,
1871.11,4.64,0.4,11.599999999999998,
1871.12,4.74,0.4,11.85,
1872.01,4.86,0.4025,12.074534161490684,
1872.02,4.88,0.405,12.049382716049381,
1872.03,5.04,0.4075,12.368098159509204,
1872.04,5.18,0.41,12.634146341463415,
1872.05,5.18,0.4125,12.557575757575757,
1872.06,5.13,0.415,12.361445783132531,
1872.07,5.1,0.4175,12.215568862275449,
1872.08,5.04,0.42,12.0,
1872.09,4.95,0.4225,11.715976331360947,
1872.1,4.97,0.425,11.694117647058823,
1872.11,4.95,0.4275,11.578947368421053,
1872.12,5.07,0.43,11.790697674418606,
1873.01,5.11,0.4325,11.815028901734104,
1873.02,5.15,0.435,11.839080459770116,
1873.03,5.11,0.4375,11.680000000000001,
1873.04,5.04,0.44,11.454545454545455,
1873.05,5.05,0.4425,11.412429378531073,
1873.06,4.98,0.445,11.191011235955058,
1873.07,4.97,0.4475,11.106145251396647,
1873.08,4.97,0.45,11.044444444444444,
1873.09,4.59,0.4525,10.143646408839778,
1873.1,4.19,0.455,9.20879120879121,
1873.11,4.04,0.4575,8.830601092896174,
1873.12,4.42,0.46,9.608695652173912,
1874.01,4.66,0.46,10.130434782608695,
1874.02,4.8,0.46,10.43478260869565,
1874.03,4.73,0.46,10.282608695652174,
1874.04,4.6,0.46,9.999999999999998,
1874.05,4.48,0.46,9.73913043478261,
1874.06,4.46,0.46,9.695652173913043,
1874.07,4.46,0.46,9.695652173913043,
1874.08,4.47,0.46,9.717391304347824,
1874.09,4.54,0.46,9.869565217391305,
1874.1,4.53,0.46,9.847826086956522,
1874.11,4.57,0.46,9.934782608695652,
1874.12,4.54,0.46,9.869565217391305,
1875.01,4.54,0.4517,10.050918751383662,
1875.02,4.53,0.4433,10.218813444619895,
1875.03,4.59,0.435,10.551724137931034,
1875.04,4.65,0.4267,10.8975861260839,
1875.05,4.47,0.4183,10.686110447047573,
1875.06,4.38,0.41,10.682926829268293,
1875.07,4.39,0.4017,10.928553647000248,
1875.08,4.41,0.3933,11.212814645308926,
1875.09,4.37,0.385,11.35064935064935,
1875.1,4.3,0.3767,11.414919033713831,
1875.11,4.37,0.3683,11.865327178930219,
1875.12,4.37,0.36,12.13888888888889,
1876.01,4.46,0.3533,12.62383243702236,
1876.02,4.52,0.3467,13.037207960773001,
1876.03,4.51,0.34,13.26470588235294,
1876.04,4.34,0.3333,13.021302130213021,
1876.05,4.18,0.3267,12.794612794612794,
1876.06,4.15,0.32,12.96875,
1876.07,4.1,0.3133,13.086498563676985,
1876.08,3.93,0.3067,12.813824584284319,
1876.09,3.69,0.3,12.3,
1876.1,3.67,0.2933,12.512785543811797,
1876.11,3.6,0.2867,12.556679455877223,
1876.12,3.58,0.28,12.785714285714285,
1877.01,3.55,0.2817,12.602058927937522,
1877.02,3.34,0.2833,11.789622308506884,
1877.03,3.17,0.285,11.12280701754386,
1877.04,2.94,0.2867,10.254621555633065,
1877.05,2.94,0.2883,10.197710718002082,
1877.06,2.73,0.29,9.413793103448276,
1877.07,2.85,0.2917,9.77031196434693,
1877.08,3.05,0.2933,10.39890896692806,
1877.09,3.24,0.295,10.983050847457628,
1877.1,3.31,0.2967,11.156049882035726,
1877.11,3.26,0.2983,10.928595373784779,
1877.12,3.25,0.3,10.833333333333334,
1878.01,3.25,0.3008,10.804521276595745,
1878.02,3.18,0.3017,10.540271793172025,
1878.03,3.24,0.3025,10.710743801652894,
1878.04,3.33,0.3033,10.979228486646884,
1878.05,3.34,0.3042,10.979618671926362,
1878.06,3.41,0.305,11.18032786885246,
1878.07,3.48,0.3058,11.379986919555265,
1878.08,3.45,0.3067,11.248777306814478,
1878.09,3.52,0.3075,11.447154471544716,
1878.1,3.48,0.3083,11.287706779111254,
1878.11,3.47,0.3092,11.222509702457957,
1878.12,3.45,0.31,11.129032258064516,
1879.01,3.58,0.3158,11.336288790373654,
1879.02,3.71,0.3217,11.532483680447623,
1879.03,3.65,0.3275,11.14503816793893,
1879.04,3.77,0.3333,11.311131113111312,
1879.05,3.94,0.3392,11.61556603773585,
1879.06,3.96,0.345,11.478260869565219,
1879.07,4.04,0.3508,11.516533637400228,
1879.08,4.07,0.3567,11.410148584244464,
1879.09,4.22,0.3625,11.641379310344828,
1879.1,4.68,0.3683,12.707032310616343,
1879.11,4.93,0.3742,13.174772848743988,
1879.12,4.92,0.38,12.947368421052632,
1880.01,5.11,0.3892,13.129496402877699,
1880.02,5.2,0.3983,13.05548581471253,
1880.03,5.3,0.4075,13.006134969325155,
1880.04,5.18,0.4167,12.431005519558434,
1880.05,4.77,0.4258,11.202442461249412,
1880.06,4.79,0.435,11.011494252873563,
1880.07,5.01,0.4442,11.278703286807744,
1880.08,5.19,0.4533,11.449371277299802,
1880.09,5.18,0.4625,11.2,
1880.1,5.33,0.4717,11.299554801780793,
1880.11,5.61,0.4808,11.668053244592347,
1880.12,5.84,0.49,11.918367346938776,
1881.01,6.19,0.4858,12.741869081926719,18.47395230140494
1881.02,6.17,0.4817,12.808802159020136,18.14725816499023
1881.03,6.24,0.4775,13.068062827225132,18.27011914020499
1881.04,6.22,0.4733,13.141770547221634,17.95010827822289
1881.05,6.5,0.4692,13.853367433930094,18.869718693152592
1881.06,6.58,0.465,14.150537634408602,19.02871073111578
1881.07,6.35,0.4608,13.780381944444445,18.116367187389738
1881.08,6.2,0.4567,13.575651412305671,17.286243553973446
1881.09,6.25,0.4525,13.812154696132596,16.724836648772897
1881.1,6.15,0.4483,13.71849208119563,16.261989411181354
1881.11,6.19,0.4442,13.935164340387214,16.47864231664487
1881.12,6.01,0.44,13.659090909090908,15.958754206105079
1882.01,5.92,0.4392,13.479052823315119,15.678764160028743
1882.02,5.79,0.4383,13.210130047912388,15.153861528363038
1882.03,5.78,0.4375,13.211428571428572,15.091670299486745
1882.04,5.78,0.4367,13.235630867872683,14.916997168375302
1882.05,5.71,0.4358,13.102340523175767,14.567103202191758
1882.06,5.68,0.435,13.057471264367816,14.327404890131673
1882.07,6.0,0.4342,13.81851681252879,15.240559761217828
1882.08,6.18,0.4333,14.262635587352872,15.525429331463034
1882.09,6.24,0.4325,14.427745664739884,16.081106624462315
1882.1,6.07,0.4317,14.060690294185779,15.75558103052656
1882.11,5.81,0.4308,13.486536675951717,15.192670313165339
1882.12,5.84,0.43,13.581395348837209,15.382128332081967
1883.01,5.81,0.4275,13.5906432748538,15.27025911909857
1883.02,5.68,0.425,13.364705882352942,14.75759014617622
1883.03,5.75,0.4225,13.609467455621303,15.05125412140164
1883.04,5.87,0.42,13.976190476190476,15.482067222036674
1883.05,5.77,0.4175,13.820359281437126,15.335497637337067
1883.06,5.82,0.415,14.02409638554217,15.903388388583796
1883.07,5.73,0.4125,13.890909090909092,15.948783127017029
1883.08,5.47,0.41,13.341463414634147,15.196810876629849
1883.09,5.53,0.4075,13.570552147239265,15.494692425793458
1883.1,5.38,0.405,13.28395061728395,15.048056270223839
1883.11,5.46,0.4025,13.565217391304348,15.408218142448874
1883.12,5.34,0.4,13.35,14.896403941887169
1884.01,5.18,0.3925,13.197452229299362,14.432821721970727
1884.02,5.32,0.385,13.818181818181818,14.805960228816714
1884.03,5.3,0.3775,14.039735099337747,14.736023454014473
1884.04,5.06,0.37,13.675675675675675,14.353453682579477
1884.05,4.65,0.3625,12.827586206896553,13.46505031380491
1884.06,4.46,0.355,12.563380281690142,12.906876483666865
1884.07,4.46,0.3475,12.83453237410072,13.043931585991672
1884.08,4.74,0.34,13.941176470588236,13.859813341769325
1884.09,4.59,0.3325,13.804511278195488,13.569154744335725
1884.1,4.44,0.325,13.661538461538463,13.27325131913416
1884.11,4.35,0.3175,13.700787401574802,13.304437602119732
1884.12,4.34,0.31,14.0,13.432292746944762
1885.01,4.24,0.3067,13.824584284316924,13.129817425635967
1885.02,4.37,0.3033,14.408176722716782,13.384817593597964
1885.03,4.38,0.3,14.6,13.734194093452514
1885.04,4.37,0.2967,14.728682170542635,13.54854854103006
1885.05,4.32,0.2933,14.728946471189909,13.71137187256194
1885.06,4.3,0.29,14.827586206896552,13.978784368698355
1885.07,4.46,0.2867,15.55633065922567,14.32665877708933
1885.08,4.71,0.2833,16.62548535121779,15.130410796707158
1885.09,4.65,0.28,16.607142857142858,15.11628502872425
1885.1,4.92,0.2767,17.780990242139502,15.991023962168986
1885.11,5.24,0.2733,19.173069886571536,16.824034498619024
1885.12,5.2,0.27,19.25925925925926,16.30447595227853
1886.01,5.2,0.275,18.909090909090907,16.69231747079766
1886.02,5.3,0.28,18.928571428571427,17.006648259461006
1886.03,5.19,0.285,18.210526315789476,16.843266101570144
1886.04,5.12,0.29,17.655172413793107,16.801716131246312
1886.05,5.02,0.295,17.016949152542374,16.86319551509784
1886.06,5.25,0.3,17.5,17.83149405537689
1886.07,5.33,0.305,17.475409836065573,17.84584504153222
1886.08,5.37,0.31,17.322580645161292,17.72391279961928
1886.09,5.51,0.315,17.49206349206349,18.147143925800037
1886.1,5.65,0.32,17.65625,18.562381342866576
1886.11,5.79,0.325,17.815384615384616,18.968312634942848
1886.12,5.64,0.33,17.09090909090909,18.19405755688645
1887.01,5.58,0.3325,16.781954887218046,17.512222096304964
1887.02,5.54,0.335,16.53731343283582,17.125366596972327
1887.03,5.67,0.3375,16.799999999999997,17.473213711513765
1887.04,5.8,0.34,17.058823529411764,17.822983639100723
1887.05,5.9,0.3425,17.226277372262775,18.075445427458252
1887.06,5.73,0.345,16.608695652173914,17.707695663272997
1887.07,5.59,0.3475,16.086330935251798,17.431460535613088
1887.08,5.45,0.35,15.571428571428573,16.73984961482072
1887.09,5.38,0.3525,15.26241134751773,16.676629667380155
1887.1,5.2,0.355,14.647887323943664,15.880666812517322
1887.11,5.3,0.3575,14.825174825174825,15.950712201066784
1887.12,5.27,0.36,14.638888888888888,15.455513454469953
1888.01,5.31,0.3517,15.098094967301677,15.358662514259917
1888.02,5.28,0.3433,15.380133993591611,15.418178318820546
1888.03,5.08,0.335,15.164179104477611,14.808972366946579
1888.04,5.1,0.3267,15.610651974288338,15.020108681844473
1888.05,5.17,0.3183,16.242538485705307,15.38791695722914
1888.06,5.01,0.31,16.161290322580644,15.077628818434698
1888.07,5.14,0.3017,17.036791514749748,15.279642515498182
1888.08,5.25,0.2933,17.899761336515514,15.602911670088815
1888.09,5.38,0.285,18.87719298245614,15.987828821761426
1888.1,5.35,0.2767,19.335019877123237,15.715941874329712
1888.11,5.24,0.2683,19.530376444278794,15.22374901694629
1888.12,5.14,0.26,19.769230769230766,14.946748301089235
1889.01,5.24,0.2633,19.90125332320547,15.802286071028167
1889.02,5.3,0.2667,19.872515935508062,16.192720447849002
1889.03,5.19,0.27,19.22222222222222,16.065045360769297
1889.04,5.18,0.2733,18.953530918404685,16.050104533967488
1889.05,5.32,0.2767,19.226599204915072,16.915421076068384
1889.06,5.41,0.28,19.32142857142857,17.21930294394769
1889.07,5.3,0.2833,18.70808330391811,16.889214491107516
1889.08,5.37,0.2867,18.730380188350193,17.131853975345734
1889.09,5.5,0.29,18.965517241379313,17.3507880263486
1889.1,5.4,0.2933,18.411183088987386,17.053214402955494
1889.11,5.35,0.2967,18.03168183350185,16.90602117024937
1889.12,5.32,0.3,17.733333333333334,16.61033807660339
1890.01,5.38,0.2992,17.981283422459892,17.220071982181903
1890.02,5.32,0.2983,17.8343949044586,17.02681498267141
1890.03,5.28,0.2975,17.747899159663866,16.90112228858991
1890.04,5.39,0.2967,18.166498146275696,17.257854542603198
1890.05,5.62,0.2958,18.999323867478026,17.786430487858624
1890.06,5.58,0.295,18.91525423728814,17.684360844450165
1890.07,5.54,0.2942,18.830727396329028,17.589295440864863
1890.08,5.41,0.2933,18.44527787248551,16.5967911339791
1890.09,5.32,0.2925,18.18803418803419,16.16970200061531
1890.1,5.08,0.2917,17.415152553993828,15.48284916334444
1890.11,4.71,0.2908,16.196698762035762,14.745043493292805
1890.12,4.6,0.29,15.862068965517242,14.442991231338441
1891.01,4.84,0.2942,16.451393609789257,15.428980086469101
1891.02,4.9,0.2983,16.426416359369764,15.476522332432543
1891.03,4.81,0.3025,15.900826446280991,15.051623357657386
1891.04,4.97,0.3067,16.204760352135636,15.408945125474125
1891.05,4.95,0.3108,15.926640926640927,15.566495230713256
1891.06,4.85,0.315,15.396825396825395,15.658211395638151
1891.07,4.77,0.3192,14.943609022556391,15.617919238645992
1891.08,4.93,0.3233,15.248994741725951,16.16399850996304
1891.09,5.33,0.3275,16.27480916030534,17.71126141325653
1891.1,5.33,0.3317,16.06873681037082,17.71656858982637
1891.11,5.25,0.3358,15.634306134603932,17.671739174764006
1891.12,5.41,0.34,15.911764705882351,18.20630300020994
1892.01,5.51,0.3425,16.08759124087591,19.016388404225278
1892.02,5.52,0.345,16.0,19.03642504097844
1892.03,5.58,0.3475,16.057553956834532,19.738054849323017
1892.04,5.57,0.35,15.914285714285716,19.943265241638652
1892.05,5.57,0.3525,15.801418439716313,19.911465213489812
1892.06,5.54,0.355,15.605633802816902,19.769284397136747
1892.07,5.54,0.3575,15.496503496503497,19.21188643450556
1892.08,5.62,0.36,15.611111111111112,19.204303803173826
1892.09,5.48,0.3625,15.117241379310347,18.6942718095882
1892.1,5.59,0.365,15.315068493150685,19.04021491532471
1892.11,5.57,0.3675,15.156462585034015,18.463312690800002
1892.12,5.51,0.37,14.891891891891891,18.01300925127574
1893.01,5.61,0.3608,15.548780487804878,17.65664370809878
1893.02,5.51,0.3517,15.66676144441285,17.125193854872453
1893.03,5.31,0.3425,15.503649635036494,16.899589031582327
1893.04,5.31,0.3333,15.93159315931593,17.102541578254918
1893.05,4.84,0.3242,14.929056138186304,15.78098731077625
1893.06,4.61,0.315,14.634920634920636,15.41650386359769
1893.07,4.18,0.3058,13.669064748201437,14.349854182760948
1893.08,4.08,0.2967,13.751263902932255,14.58805653580781
1893.09,4.37,0.2875,15.200000000000001,15.012069079138762
1893.1,4.5,0.2783,16.169601149838304,15.271794153520183
1893.11,4.57,0.2692,16.976225854383358,15.942411400571672
1893.12,4.41,0.26,16.96153846153846,15.612694335464933
1894.01,4.32,0.2517,17.163289630512516,15.739869351948219
1894.02,4.38,0.2433,18.002466091245378,16.20273659644992
1894.03,4.51,0.235,19.19148936170213,17.187622088121927
1894.04,4.57,0.2267,20.15880017644464,17.434849078052448
1894.05,4.4,0.2183,20.155748969308295,16.808751920918002
1894.06,4.34,0.21,20.666666666666668,16.60631969529252
1894.07,4.25,0.2017,21.070897372335153,16.289679714916947
1894.08,4.41,0.1933,22.81427832384894,16.45777707299836
1894.09,4.48,0.185,24.216216216216218,16.522315444877208
1894.1,4.34,0.1767,24.561403508771928,16.50290420570842
1894.11,4.34,0.1683,25.78728461081402,16.542784447444543
1894.12,4.3,0.16,26.875,16.67246633376772
1895.01,4.25,0.1675,25.37313432835821,16.524443935162704
1895.02,4.19,0.175,23.942857142857147,16.3312376932114
1895.03,4.19,0.1825,22.958904109589042,16.36462542717479
1895.04,4.37,0.19,23.0,16.387543823686293
1895.05,4.61,0.1975,23.341772151898734,17.080369553382383
1895.06,4.7,0.205,22.926829268292686,17.20741353978338
1895.07,4.72,0.2125,22.211764705882352,17.54601464874055
1895.08,4.79,0.22,21.772727272727273,18.074072547241787
1895.09,4.82,0.2275,21.186813186813186,18.200335946605456
1895.1,4.75,0.235,20.21276595744681,17.944706622466466
1895.11,4.59,0.2425,18.927835051546392,17.342998991921686
1895.12,4.32,0.25,17.28,16.54841515666795
1896.01,4.27,0.2467,17.30847182813133,16.576224828568176
1896.02,4.45,0.2433,18.290176736539255,17.515403352637264
1896.03,4.38,0.24,18.25,17.232362712298603
1896.04,4.42,0.2367,18.673426277989016,17.643699378129995
1896.05,4.4,0.2333,18.859837119588512,17.82826689423282
1896.06,4.32,0.23,18.782608695652176,17.777578616430457
1896.07,4.04,0.2267,17.820908689898545,16.637100103394577
1896.08,3.81,0.2233,17.062248096730855,15.70337054622687
1896.09,4.01,0.22,18.227272727272727,16.544339943032014
1896.1,4.1,0.2167,18.920166128287953,16.43886680472588
1896.11,4.38,0.2133,20.534458509142056,17.089425242371114
1896.12,4.22,0.21,20.095238095238095,16.501404180590086
1897.01,4.22,0.2183,19.331195602382042,17.026521282380553
1897.02,4.18,0.2267,18.4384649316277,16.89402588325409
1897.03,4.19,0.235,17.829787234042556,16.95803071672104
1897.04,4.06,0.2433,16.6872174270448,16.69685743473466
1897.05,4.08,0.2517,16.209773539928488,17.047755129229383
1897.06,4.27,0.26,16.42307692307692,17.85049728069061
1897.07,4.46,0.2683,16.62318300409989,18.651975755820285
1897.08,4.75,0.2767,17.166606432959885,19.006396010519442
1897.09,4.98,0.285,17.47368421052632,19.372370293397793
1897.1,4.82,0.2933,16.433685646096148,19.02803122390242
1897.11,4.65,0.3017,15.41266158435532,18.358448098050218
1897.12,4.75,0.31,15.32258064516129,18.748757662525502
1898.01,4.88,0.3133,15.576125119693582,19.249000021813753
1898.02,4.87,0.3167,15.37732870224187,18.91813188800214
1898.03,4.65,0.32,14.53125,18.04217492346868
1898.04,4.57,0.3233,14.135477884317973,17.705089426411774
1898.05,4.87,0.3267,14.906642179369452,17.595635274512816
1898.06,5.06,0.33,15.333333333333332,19.544817480547998
1898.07,5.08,0.3333,15.241524152415243,19.858943014167306
1898.08,5.27,0.3367,15.651915651915651,20.544915179153282
1898.09,5.26,0.34,15.470588235294116,20.4427328626913
1898.1,5.15,0.3433,15.001456452082728,19.94719982577366
1898.11,5.32,0.3467,15.344678396308048,20.5274163248113
1898.12,5.65,0.35,16.142857142857146,21.403631985448186
1899.01,6.08,0.3608,16.851441241685144,22.932807416487183
1899.02,6.31,0.3717,16.976055959106805,23.048117549980198
1899.03,6.4,0.3825,16.73202614379085,23.279682245508727
1899.04,6.48,0.3933,16.475972540045767,23.152421525686492
1899.05,6.21,0.4042,15.363681345868383,22.091269360834193
1899.06,6.07,0.415,14.626506024096386,21.21209192504684
1899.07,6.28,0.4258,14.74870831376233,21.561425634523125
1899.08,6.44,0.4367,14.746965880467142,21.72623737305546
1899.09,6.37,0.4475,14.23463687150838,20.59114051411378
1899.1,6.34,0.4583,13.833733362426358,20.153713460686614
1899.11,6.46,0.4692,13.768115942028984,20.1964575208023
1899.12,6.02,0.48,12.541666666666666,18.512649643600202
1900.01,6.1,0.48,12.708333333333334,18.674275362444785
1900.02,6.21,0.48,12.9375,18.70379741725144
1900.03,6.26,0.48,13.041666666666666,18.775793421238376
1900.04,6.34,0.48,13.208333333333334,18.93640203332273
1900.05,6.04,0.48,12.583333333333334,18.403197016950415
1900.06,5.86,0.48,12.208333333333334,17.99271158430398
1900.07,5.86,0.48,12.208333333333334,17.689545468952804
1900.08,5.94,0.48,12.375000000000002,18.069614666784194
1900.09,5.8,0.48,12.083333333333334,17.34187415122471
1900.1,6.01,0.48,12.520833333333334,18.102398784556055
1900.11,6.48,0.48,13.500000000000002,19.419584603760757
1900.12,6.87,0.48,14.3125,20.74405116087085
1901.01,7.07,0.4817,14.677184969898278,20.978581834536193
1901.02,7.25,0.4833,15.00103455410718,21.679149848206194
1901.03,7.51,0.485,15.484536082474227,22.34758395068385
1901.04,8.14,0.4867,16.724881857407027,24.409716994827217
1901.05,7.73,0.4883,15.830432111406923,23.064012684863563
1901.06,8.5,0.49,17.346938775510203,25.238466205960346
1901.07,7.93,0.4917,16.12772015456579,23.144848553708112
1901.08,8.04,0.4933,16.29839854044192,23.07717771384438
1901.09,8.0,0.495,16.161616161616163,22.590468316860246
1901.1,7.91,0.4967,15.925105697604188,22.252901618408934
1901.11,8.08,0.4983,16.215131446919525,22.375074777652806
1901.12,7.95,0.5,15.9,21.68021514102968
1902.01,8.12,0.5108,15.896632732967891,22.34029079603357
1902.02,8.19,0.5217,15.698677400805058,22.459957452460408
1902.03,8.2,0.5325,15.39906103286385,22.410652288217346
1902.04,8.48,0.5433,15.608319528805449,22.823108698497855
1902.05,8.46,0.5542,15.26524720317575,22.427954493329803
1902.06,8.41,0.565,14.884955752212392,21.963742295514628
1902.07,8.6,0.5758,14.935741576936437,22.385686589401377
1902.08,8.83,0.5867,15.050281234020794,23.168671834092873
1902.09,8.85,0.5975,14.811715481171547,22.85656638195451
1902.1,8.57,0.6083,14.088443202367255,20.604425401859817
1902.11,8.24,0.6192,13.30749354005168,20.408541255072187
1902.12,8.05,0.63,12.777777777777779,19.63323212682385
1903.01,8.46,0.6217,13.60784944506997,20.3181320538285
1903.02,8.41,0.6133,13.712701777270505,20.107051517552808
1903.03,8.08,0.605,13.355371900826446,19.88456038487284
1903.04,7.75,0.5967,12.988101223395342,18.980022601826267
1903.05,7.6,0.5883,12.918578956314803,18.95485872303988
1903.06,7.18,0.58,12.379310344827587,17.81855172296852
1903.07,6.85,0.5717,11.981808640895574,16.91817841476666
1903.08,6.63,0.5633,11.769927214628083,16.2991187909035
1903.09,6.47,0.555,11.657657657657657,15.65435911519692
1903.1,6.26,0.5467,11.45052130967624,15.252943825778841
1903.11,6.28,0.5383,11.666357049972135,15.407877534297898
1903.12,6.57,0.53,12.39622641509434,16.042894140050144
1904.01,6.68,0.5267,12.682741598633,15.861833914033642
1904.02,6.5,0.5233,12.421173323141602,15.02149838033144
1904.03,6.48,0.52,12.461538461538462,15.081930176258867
1904.04,6.64,0.5167,12.850783820398682,15.565490611691484
1904.05,6.5,0.5133,12.663159945451003,15.52582089625464
1904.06,6.51,0.51,12.76470588235294,15.474433638652657
1904.07,6.78,0.5067,13.380698638247484,16.036401629624113
1904.08,7.01,0.5033,13.928074706934234,16.304651978851034
1904.09,7.32,0.5,14.64,16.74260004916369
1904.1,7.75,0.4967,15.602979665794242,17.633197370821403
1904.11,8.17,0.4933,16.561929860125684,18.07620022377007
1904.12,8.25,0.49,16.836734693877553,18.159679118703203
1905.01,8.43,0.505,16.693069306930692,18.459852032455853
1905.02,8.8,0.52,16.923076923076923,19.168996375829835
1905.03,9.05,0.535,16.91588785046729,19.831506074218424
1905.04,8.94,0.55,16.254545454545454,19.48292752471129
1905.05,8.5,0.565,15.04424778761062,18.62948750984513
1905.06,8.6,0.58,14.827586206896552,18.735862386183538
1905.07,8.87,0.595,14.907563025210083,19.205883309548053
1905.08,9.2,0.61,15.081967213114753,19.573308430803724
1905.09,9.23,0.625,14.768,19.74349241969778
1905.1,9.36,0.64,14.624999999999998,19.897394814329534
1905.11,9.31,0.655,14.213740458015268,19.443525693264984
1905.12,9.54,0.67,14.23880597014925,19.577960809096112
1906.01,9.87,0.6775,14.568265682656826,20.132402260807893
1906.02,9.8,0.685,14.306569343065693,19.866752563675888
1906.03,9.56,0.6925,13.80505415162455,19.25945302085411
1906.04,9.43,0.7,13.471428571428572,18.87620499611588
1906.05,9.18,0.7075,12.975265017667844,18.054044460926395
1906.06,9.3,0.715,13.006993006993008,18.172666376497496
1906.07,9.06,0.7225,12.539792387543253,18.19520014351375
1906.08,9.73,0.73,13.328767123287673,18.967251477549294
1906.09,10.03,0.7375,13.599999999999998,19.20099368200136
1906.1,9.73,0.745,13.060402684563758,18.095380908869096
1906.11,9.93,0.7525,13.196013289036545,18.141851654007958
1906.12,9.84,0.76,12.947368421052632,17.660003667768652
1907.01,9.56,0.7517,12.717839563655714,17.218913853705978
1907.02,9.26,0.7433,12.457957755953181,16.217071288766146
1907.03,8.35,0.735,11.360544217687075,14.687545255978645
1907.04,8.39,0.7267,11.545341956790974,14.66970990560273
1907.05,8.1,0.7183,11.276625365446192,13.79010715342424
1907.06,7.84,0.71,11.04225352112676,13.144269952673199
1907.07,8.14,0.7017,11.600399030924898,13.585007357961837
1907.08,7.53,0.6933,10.861099091302467,12.513471604446607
1907.09,7.45,0.685,10.875912408759124,12.328569657736622
1907.1,6.64,0.6767,9.812324516033692,10.831840153050601
1907.11,6.25,0.6683,9.352087385904534,10.59117755918978
1907.12,6.57,0.66,9.954545454545455,11.333306235811166
1908.01,6.85,0.6533,10.48522883820603,11.902968628266972
1908.02,6.6,0.6467,10.20565950208752,11.55484629514479
1908.03,6.87,0.64,10.734375,11.984662664464292
1908.04,7.24,0.6333,11.432180641086374,12.448889158370363
1908.05,7.63,0.6267,12.174884314664112,13.078451355438341
1908.06,7.64,0.62,12.32258064516129,13.051684129229988
1908.07,7.92,0.6133,12.913745312245231,13.3454871048344
1908.08,8.26,0.6067,13.614636558430854,13.88423289520861
1908.09,8.17,0.6,13.616666666666667,13.701442268825113
1908.1,8.27,0.5933,13.938985336254843,13.690810359178709
1908.11,8.83,0.5867,15.050281234020794,14.435014091256262
1908.12,9.03,0.58,15.568965517241379,14.582482908962438
1909.01,9.06,0.595,15.226890756302522,14.76441845644136
1909.02,8.8,0.61,14.426229508196723,14.167157516701366
1909.03,8.92,0.625,14.272,14.33605838058622
1909.04,9.32,0.64,14.5625,14.645198603086122
1909.05,9.63,0.655,14.702290076335878,14.953509786582782
1909.06,9.8,0.67,14.626865671641792,15.040444676080996
1909.07,9.94,0.685,14.510948905109487,15.231503240497684
1909.08,10.18,0.7,14.542857142857143,15.417580706254759
1909.09,10.19,0.715,14.251748251748252,15.25444643682118
1909.1,10.23,0.73,14.013698630136988,14.988845296121768
1909.11,10.18,0.745,13.664429530201343,14.74563117682459
1909.12,10.3,0.76,13.55263157894737,14.750638489265036
1910.01,10.08,0.7575,13.306930693069308,14.547885040564148
1910.02,9.72,0.755,12.874172185430464,14.002037903032702
1910.03,9.96,0.7525,13.235880398671098,14.050006965077824
1910.04,9.72,0.75,12.96,13.559883620820079
1910.05,9.56,0.7475,12.789297658862877,13.568792287251453
1910.06,9.1,0.745,12.21476510067114,13.019657302315943
1910.07,8.64,0.7425,11.636363636363637,12.34258125998522
1910.08,8.85,0.74,11.95945945945946,12.745055150886254
1910.09,8.91,0.7375,12.081355932203389,12.937161101070847
1910.1,9.32,0.735,12.680272108843537,13.918866656445815
1910.11,9.31,0.7325,12.709897610921502,14.164523175780351
1910.12,9.05,0.73,12.397260273972604,13.74147841778155
1911.01,9.27,0.7183,12.905471251566196,14.049215181401202
1911.02,9.43,0.7067,13.343710202348946,14.721488469928302
1911.03,9.32,0.695,13.410071942446045,14.370623221979534
1911.04,9.28,0.6833,13.581150300014633,14.752935420329353
1911.05,9.48,0.6717,14.1134435015632,15.047660591685043
1911.06,9.67,0.66,14.65151515151515,15.328355684719284
1911.07,9.63,0.6483,14.854234150856087,15.08311057870027
1911.08,9.17,0.6367,14.402387309564944,13.899790665654447
1911.09,8.67,0.625,13.872,12.997953983252437
1911.1,8.72,0.6133,14.218164030653842,13.066472850619194
1911.11,9.07,0.6017,15.073957121489114,13.727997586413094
1911.12,9.11,0.59,15.440677966101696,13.929258419578236
1912.01,9.12,0.5992,15.220293724966622,13.794952631845822
1912.02,9.04,0.6083,14.861088278809797,13.531634369686595
1912.03,9.3,0.6175,15.06072874493927,13.639769173944167
1912.04,9.59,0.6267,15.30237753310994,13.654392690553232
1912.05,9.58,0.6358,15.067631330607108,13.645500685612367
1912.06,9.58,0.645,14.852713178294573,13.785417404502525
1912.07,9.59,0.6542,14.659125649648425,13.802876645015786
1912.08,9.81,0.6633,14.789687924016283,13.984761763426272
1912.09,9.86,0.6725,14.661710037174721,13.92628500131587
1912.1,9.84,0.6817,14.43450198034326,13.905092701178463
1912.11,9.73,0.6908,14.0851187029531,13.74954101860653
1912.12,9.38,0.7,13.400000000000002,13.388999452579629
1913.01,9.3,0.6942,13.396715643906655,13.148088791761557
1913.02,8.97,0.6883,13.03210809240157,12.682960516236756
1913.03,8.8,0.6825,12.893772893772894,12.443453515183657
1913.04,8.79,0.6767,12.989507906014481,12.433067081795162
1913.05,8.55,0.6708,12.745974955277283,12.221401061154124
1913.06,8.12,0.665,12.210526315789473,11.491962852761224
1913.07,8.23,0.6592,12.484830097087379,11.534022795459858
1913.08,8.45,0.6533,12.934333384356345,11.846840543564626
1913.09,8.53,0.6475,13.173745173745173,11.843316826625973
1913.1,8.26,0.6417,12.872058594358734,11.471490240312288
1913.11,8.05,0.6358,12.661214218307645,11.072537845038006
1913.12,8.04,0.63,12.761904761904761,11.17404087003679
1914.01,8.37,0.6208,13.482603092783503,11.636092105046133
1914.02,8.48,0.6117,13.863004740886055,11.910233879798238
1914.03,8.32,0.6025,13.809128630705393,11.685526018836827
1914.04,8.12,0.5933,13.686162143940669,11.522662536200235
1914.05,8.17,0.5842,13.984936665525504,11.47900869416448
1914.06,8.13,0.575,14.139130434782611,11.428715168831886
1914.07,7.68,0.5658,13.573700954400849,10.694345183040136
1914.08,7.68,0.5567,13.795581102927969,10.492046265076436
1914.09,7.68,0.5475,14.027397260273972,10.500497301802131
1914.1,7.68,0.5383,14.267137284042356,10.61275946612622
1914.11,7.68,0.5292,14.512471655328797,10.51691764299212
1914.12,7.35,0.52,14.134615384615383,10.172217991997861
1915.01,7.48,0.55,13.6,10.359834197757266
1915.02,7.38,0.58,12.724137931034484,10.32978620966069
1915.03,7.57,0.61,12.40983606557377,10.70701318868281
1915.04,8.14,0.64,12.71875,11.401123789000183
1915.05,7.95,0.67,11.865671641791044,11.02692987647131
1915.06,8.04,0.7,11.485714285714286,11.154262189096338
1915.07,8.01,0.73,10.972602739726028,11.1136293939496
1915.08,8.35,0.76,10.986842105263158,11.584831641604596
1915.09,8.66,0.79,10.962025316455696,12.011570757825888
1915.1,9.14,0.82,11.146341463414636,12.549076133220147
1915.11,9.46,0.85,11.129411764705884,12.857714453559307
1915.12,9.48,0.88,10.772727272727273,12.878444602185981
1916.01,9.33,0.9342,9.987154784842646,12.543563692516168
1916.02,9.2,0.9883,9.308914297278154,12.354652326458789
1916.03,9.17,1.042,8.800383877159309,12.177052795748478
1916.04,9.07,1.097,8.268003646308113,11.906481776593179
1916.05,9.27,1.151,8.053866203301476,12.026256671905157
1916.06,9.36,1.205,7.767634854771783,11.995961222946578
1916.07,9.23,1.259,7.3312152501985715,11.791165275254547
1916.08,9.3,1.313,7.083015993907084,11.73208263887416
1916.09,9.68,1.368,7.076023391812865,11.94455241750447
1916.1,9.98,1.422,7.018284106891702,12.045741763370797
1916.11,10.21,1.476,6.917344173441735,12.053230403230497
1916.12,9.8,1.53,6.405228758169935,11.41355918884949
1917.01,9.57,1.509,6.341948310139165,10.992361427383424
1917.02,9.03,1.488,6.068548387096774,10.063187738735728
1917.03,9.31,1.468,6.3419618528610355,10.327157080107876
1917.04,9.17,1.447,6.337249481686247,9.644531197281234
1917.05,8.86,1.426,6.213183730715287,9.138988813373578
1917.06,9.04,1.405,6.434163701067615,9.148220259539583
1917.07,8.79,1.384,6.351156069364162,9.003472377228805
1917.08,8.53,1.363,6.258253851797505,8.57268046675378
1917.09,8.12,1.343,6.046165301563663,7.950823264217066
1917.1,7.68,1.322,5.809379727685325,7.387133711108147
1917.11,7.04,1.301,5.411222136817833,6.753013604774308
1917.12,6.8,1.28,5.3125,6.412593898119818
1918.01,7.21,1.256,5.740445859872612,6.640646028655352
1918.02,7.43,1.232,6.0308441558441555,6.784343551630282
1918.03,7.28,1.208,6.026490066225166,6.686355760455894
1918.04,7.21,1.183,6.094674556213017,6.520727730547159
1918.05,7.44,1.159,6.41932700603969,6.5823632316210805
1918.06,7.45,1.135,6.563876651982379,6.496291318641057
1918.07,7.51,1.111,6.75967596759676,6.371324093848989
1918.08,7.58,1.087,6.973321067157314,6.303073760914594
1918.09,7.54,1.063,7.0931326434619,6.149170562431681
1918.1,7.86,1.038,7.572254335260116,6.290515321191322
1918.11,8.06,1.014,7.948717948717949,6.3333274953541565
1918.12,7.9,0.99,7.97979797979798,6.134580411283435
1919.01,7.85,0.985,7.969543147208122,6.098467639950106
1919.02,7.88,0.98,8.040816326530612,6.2396927713649815
1919.03,8.12,0.975,8.328205128205127,6.3560740048691455
1919.04,8.39,0.97,8.649484536082475,6.456139555819275
1919.05,8.97,0.965,9.295336787564768,6.829002261482033
1919.06,9.21,0.96,9.593750000000002,7.021615214784134
1919.07,9.51,0.955,9.958115183246074,7.052837165446312
1919.08,8.87,0.95,9.336842105263157,6.4791311017052795
1919.09,9.01,0.945,9.534391534391535,6.558481672061264
1919.1,9.47,0.94,10.074468085106384,6.794704199949302
1919.11,9.19,0.935,9.828877005347593,6.467022574133132
1919.12,8.92,0.93,9.591397849462364,6.160717033799176
1920.01,8.83,0.9192,9.606179286335944,5.9896677711394375
1920.02,8.1,0.9083,8.91775844985137,5.455347649907771
1920.03,8.67,0.8975,9.66016713091922,5.798822727557157
1920.04,8.6,0.8867,9.698883500620276,5.599858725506185
1920.05,8.06,0.8758,9.203014386846313,5.188950462047495
1920.06,7.92,0.865,9.15606936416185,5.043639680451618
1920.07,7.91,0.8542,9.260126434090378,5.080592919540795
1920.08,7.6,0.8433,9.012213921498873,5.0207010779228565
1920.09,7.87,0.8325,9.453453453453454,5.297162770108058
1920.1,7.88,0.8217,9.589874650115615,5.351177393424155
1920.11,7.48,0.8108,9.22545633941786,5.126407930947925
1920.12,6.81,0.8,8.5125,4.784241045083248
1921.01,7.11,0.7575,9.386138613861387,5.122184146887374
1921.02,7.06,0.715,9.874125874125873,5.274857191205047
1921.03,6.88,0.6725,10.230483271375464,5.192348158684177
1921.04,6.91,0.63,10.968253968253968,5.297085922739674
1921.05,7.12,0.5875,12.119148936170212,5.609469225330775
1921.06,6.55,0.545,12.01834862385321,5.21611096098932
1921.07,6.53,0.5025,12.995024875621892,5.197779361905469
1921.08,6.45,0.46,14.021739130434783,5.16129482321573
1921.09,6.61,0.4175,15.83233532934132,5.3775244254582555
1921.1,6.7,0.375,17.866666666666667,5.4792576780533455
1921.11,7.06,0.3325,21.233082706766915,5.83819699320089
1921.12,7.31,0.29,25.20689655172414,6.11415884941727
1922.01,7.3,0.3233,22.57964738632849,6.287087290347128
1922.02,7.46,0.3567,20.913933277263805,6.4613058726969825
1922.03,7.74,0.39,19.846153846153847,6.82138724903604
1922.04,8.21,0.4233,19.395227970706358,7.273253390209859
1922.05,8.53,0.4567,18.677468797897962,7.593467258919378
1922.06,8.45,0.49,17.24489795918367,7.557987351755127
1922.07,8.51,0.5233,16.26218230460539,7.602095045774032
1922.08,8.83,0.5567,15.86132566912161,8.020030689895775
1922.09,9.06,0.59,15.355932203389832,8.265083002284303
1922.1,9.26,0.6233,14.856409433659554,8.432151998761896
1922.11,8.8,0.6567,13.400335008375212,7.998253772269837
1922.12,8.78,0.69,12.72463768115942,7.964679864939999
1923.01,8.9,0.7142,12.461495379445536,8.154200483069156
1923.02,9.28,0.7383,12.569416226466206,8.533360579065967
1923.03,9.43,0.7625,12.3672131147541,8.700737500978533
1923.04,9.1,0.7867,11.567306470064828,8.372809668463814
1923.05,8.67,0.8108,10.693142575234337,8.00049786759821
1923.06,8.34,0.835,9.988023952095809,7.671825282673079
1923.07,8.06,0.8592,9.380819366852887,7.34598511949065
1923.08,8.1,0.8833,9.170157364428846,7.44178317421737
1923.09,8.15,0.9075,8.980716253443527,7.458183867189794
1923.1,8.03,0.9317,8.618654073199528,7.317400395621481
1923.11,8.27,0.9558,8.652437748482946,7.546327911916236
1923.12,8.55,0.98,8.724489795918368,7.809739144938745
1924.01,8.83,0.9758,9.048985447837671,8.07224944603738
1924.02,8.87,0.9717,9.12833178964701,8.16206622085036
1924.03,8.7,0.9675,8.992248062015502,8.058077044116095
1924.04,8.5,0.9633,8.823834734765908,7.923620348327982
1924.05,8.47,0.9592,8.830275229357799,7.899698330665295
1924.06,8.63,0.955,9.036649214659686,8.051676946396649
1924.07,9.03,0.9508,9.497265460664703,8.377712139971836
1924.08,9.34,0.9467,9.865849794021337,8.717418308548332
1924.09,9.25,0.9425,9.814323607427056,8.581670375209054
1924.1,9.13,0.9383,9.730363423212193,8.419491035872428
1924.11,9.64,0.9342,10.318989509740955,8.888327361250973
1924.12,10.16,0.93,10.924731182795698,9.310639680416376
1925.01,10.58,0.9567,11.058848123758754,9.692618852254997
1925.02,10.67,0.9833,10.851215295433745,9.830804722819575
1925.03,10.39,1.01,10.287128712871288,9.518537538810032
1925.04,10.28,1.037,9.91321118611379,9.476566787903069
1925.05,10.61,1.063,9.981185324553152,9.72900769402133
1925.06,10.8,1.09,9.908256880733944,9.796386180450611
1925.07,11.1,1.117,9.937332139659803,9.963993891787798
1925.08,11.25,1.143,9.84251968503937,10.11091845848894
1925.09,11.51,1.17,9.837606837606838,10.3592476113485
1925.1,11.89,1.197,9.933166248955722,10.718495997022927
1925.11,12.26,1.223,10.024529844644317,10.88631744030793
1925.12,12.46,1.25,9.968,11.14736523913725
1926.01,12.65,1.249,10.128102481985588,11.340966188506233
1926.02,12.67,1.248,10.15224358974359,11.389435672748007
1926.03,11.81,1.248,9.463141025641026,10.712352062732482
1926.04,11.48,1.247,9.206094627105053,10.395587685954728
1926.05,11.56,1.246,9.2776886035313,10.575158463806096
1926.06,12.11,1.245,9.726907630522087,11.197979740229954
1926.07,12.62,1.244,10.144694533762058,11.869694058481278
1926.08,13.12,1.243,10.555108608205952,12.488808219521875
1926.09,13.32,1.242,10.72463768115942,12.692614823344718
1926.1,13.02,1.242,10.483091787439614,12.426517521583348
1926.11,13.19,1.241,10.628525382755841,12.615251212344482
1926.12,13.49,1.24,10.879032258064516,13.009052728993133
1927.01,13.4,1.229,10.903173311635475,13.185930628677792
1927.02,13.66,1.218,11.215106732348112,13.633966132216212
1927.03,13.87,1.208,11.4817880794702,14.033257507604494
1927.04,14.21,1.197,11.871345029239766,14.488222209157056
1927.05,14.7,1.186,12.39460370994941,15.002347055737118
1927.06,14.89,1.175,12.672340425531916,15.12033348174753
1927.07,15.22,1.164,13.075601374570448,15.820802594477753
1927.08,16.03,1.153,13.902862098872507,16.86286185276381
1927.09,16.94,1.143,14.820647419072618,17.818723713516423
1927.1,16.68,1.132,14.734982332155479,17.53723785226109
1927.11,17.06,1.121,15.218554861730597,18.13130143495243
1927.12,17.46,1.11,15.72972972972973,18.646624021402527
1928.01,17.53,1.133,15.472197705207416,18.80612857170077
1928.02,17.32,1.155,14.995670995670995,18.86885051958404
1928.03,18.25,1.177,15.505522514868309,19.94341779906454
1928.04,19.4,1.2,16.166666666666668,21.257909249487497
1928.05,20.0,1.222,16.366612111292962,21.83273217874003
1928.06,19.02,1.245,15.277108433734938,20.913421576866707
1928.07,19.16,1.268,15.110410094637224,21.081905435296793
1928.08,19.78,1.29,15.333333333333334,21.76213150257924
1928.09,21.17,1.312,16.135670731707318,23.004649446159235
1928.1,21.6,1.335,16.179775280898877,23.578344239585043
1928.11,23.06,1.357,16.9933677229182,25.121984571109593
1928.12,23.15,1.38,16.77536231884058,25.301591027426145
1929.01,24.86,1.399,17.769835596854897,27.083199620832772
1929.02,24.99,1.418,17.623413258110013,27.13167279824738
1929.03,25.43,1.438,17.684283727399166,27.67574843786188
1929.04,25.28,1.457,17.350720658888125,27.5684544728983
1929.05,25.66,1.476,17.384823848238483,27.698586875008132
1929.06,26.15,1.495,17.49163879598662,27.935467830288687
1929.07,28.48,1.514,18.8110964332893,29.933289406842214
1929.08,30.1,1.533,19.634703196347033,31.480313247173004
1929.09,31.3,1.552,20.167525773195877,32.5637885987767
1929.1,27.99,1.572,17.80534351145038,28.96106716435479
1929.11,20.58,1.591,12.935260842237586,21.17103600009704
1929.12,21.4,1.61,13.291925465838508,22.007373176418334
1930.01,21.71,1.557,13.943481053307645,22.310724294336847
1930.02,23.07,1.503,15.34930139720559,23.69711774933588
1930.03,23.94,1.45,16.51034482758621,24.58660779266885
1930.04,25.46,1.397,18.224767358625627,25.843436862018308
1930.05,23.94,1.343,17.82576321667908,24.309760633908166
1930.06,21.52,1.29,16.682170542635657,21.866899333389473
1930.07,21.06,1.237,17.0250606305578,21.548797592546645
1930.08,20.79,1.183,17.57396449704142,21.300602241118145
1930.09,20.78,1.13,18.389380530973455,21.07258178844731
1930.1,17.92,1.077,16.638811513463327,18.214870154658627
1930.11,16.62,1.023,16.246334310850443,16.93971137777516
1930.12,15.51,0.97,15.989690721649485,16.05500185653132
1931.01,15.98,0.94,17.0,16.705478731547604
1931.02,17.2,0.91,18.901098901098898,18.161492436976086
1931.03,17.53,0.88,19.920454545454547,18.579561032791283
1931.04,15.86,0.85,18.658823529411766,16.87231533160966
1931.05,14.33,0.82,17.475609756097562,15.401539999110106
1931.06,13.87,0.79,17.556962025316455,15.062476074643241
1931.07,14.33,0.76,18.855263157894736,15.516750095516311
1931.08,13.9,0.73,19.04109589041096,15.006276602886537
1931.09,11.83,0.7,16.900000000000002,12.81774526110688
1931.1,10.25,0.67,15.298507462686567,11.145926407660927
1931.11,10.39,0.64,16.234375,11.415600295644674
1931.12,8.44,0.61,13.836065573770492,9.306032867968314
1932.01,8.3,0.5933,13.989549974717681,9.312406455177843
1932.02,8.23,0.5767,14.270851395873072,9.3369322510084
1932.03,8.26,0.56,14.749999999999998,9.413065028012209
1932.04,6.28,0.5433,11.558991349162525,7.192233196115484
1932.05,5.51,0.5267,10.461363204860453,6.390857289881442
1932.06,4.77,0.51,9.352941176470587,5.565059371528964
1932.07,5.01,0.4933,10.156091627812689,5.838763671851199
1932.08,7.53,0.4767,15.796098174952801,8.83465320518121
1932.09,8.26,0.46,17.956521739130434,9.761168564063706
1932.1,7.12,0.4433,16.061357996841867,8.478606607689082
1932.11,7.05,0.4267,16.522146707288492,8.463309567122897
1932.12,6.82,0.41,16.634146341463417,8.25707399910068
1933.01,7.09,0.4125,17.187878787878788,8.728046162813529
1933.02,6.25,0.415,15.060240963855422,7.826051751316596
1933.03,6.23,0.4175,14.922155688622755,7.874681322943168
1933.04,6.89,0.42,16.404761904761905,8.723101646068113
1933.05,8.87,0.4225,20.994082840236686,11.249651251932447
1933.06,10.39,0.425,24.447058823529414,13.098875517269521
1933.07,11.23,0.4275,26.269005847953217,13.754304493874534
1933.08,10.67,0.43,24.813953488372093,12.999527050367737
1933.09,10.58,0.4325,24.46242774566474,12.922920614885996
1933.1,9.55,0.435,21.95402298850575,11.696253568143696
1933.11,9.78,0.4375,22.354285714285712,12.01176619338994
1933.12,9.97,0.44,22.65909090909091,12.281801622601119
1934.01,10.54,0.4442,23.728050427735255,13.02511982833238
1934.02,11.32,0.4483,25.25094802587553,13.926922904274301
1934.03,10.74,0.4525,23.734806629834253,13.25453762974009
1934.04,10.92,0.4567,23.910663455222245,13.518389284490098
1934.05,9.81,0.4608,21.2890625,12.181583235024027
1934.06,9.94,0.465,21.376344086021504,12.287726483952428
1934.07,9.47,0.4692,20.183290707587386,11.741524229318248
1934.08,9.1,0.4733,19.226706106063805,11.315025981829052
1934.09,8.88,0.4775,18.59685863874346,10.909954083288849
1934.1,8.95,0.4817,18.58002906373261,11.108352605351731
1934.11,9.2,0.4858,18.937834499794153,11.448808690205704
1934.12,9.26,0.49,18.897959183673468,11.639337566475886
1935.01,9.26,0.57,16.24561403508772,11.495907968201596
1935.02,8.98,0.65,13.815384615384616,11.087812159055565
1935.03,8.41,0.73,11.52054794520548,10.398272404790031
1935.04,9.04,0.756667,11.947131300823214,11.104210207149524
1935.05,9.75,0.783333,12.446813807154813,11.985576683480101
1935.06,10.12,0.81,12.493827160493826,12.539519324443896
1935.07,10.65,0.793333,13.424375388393022,13.202137936511015
1935.08,11.37,0.776667,14.639478695502705,14.105056846668958
1935.09,11.61,0.76,15.276315789473683,14.418891702707441
1935.1,11.92,0.76,15.68421052631579,14.826232627114097
1935.11,13.04,0.76,17.157894736842103,16.12960516325115
1935.12,13.04,0.76,17.157894736842103,16.159192714615337
1936.01,13.76,0.77,17.87012987012987,17.087359845997245
1936.02,14.55,0.78,18.653846153846153,18.104536459517796
1936.03,14.86,0.79,18.81012658227848,18.66047820392603
1936.04,14.88,0.82,18.146341463414636,18.7189996651515
1936.05,14.09,0.85,16.576470588235296,17.750192519328646
1936.06,14.69,0.88,16.693181818181817,18.39300106583135
1936.07,15.56,0.9,17.288888888888888,19.360464512319144
1936.08,15.87,0.92,17.25,19.623060162983762
1936.09,16.05,0.94,17.074468085106385,19.86202424328763
1936.1,16.89,0.966667,17.472407768135252,20.913091852533125
1936.11,17.36,0.993333,17.476515931716754,21.49976534102416
1936.12,17.06,1.02,16.72549019607843,21.125663548155444
1937.01,17.59,1.05,16.752380952380953,21.61874158295351
1937.02,18.11,1.08,16.768518518518515,22.244221552805165
1937.03,18.09,1.11,16.297297297297295,22.042197016050576
1937.04,17.01,1.13,15.053097345132747,20.556579457432864
1937.05,16.25,1.15,14.130434782608697,19.47417468657211
1937.06,15.64,1.17,13.367521367521368,18.711659960364965
1937.07,16.57,1.18667,13.963443922910331,19.646723279607627
1937.08,16.74,1.20333,13.91139587644287,19.806982577380964
1937.09,14.37,1.22,11.778688524590164,16.847882862705806
1937.1,12.28,1.19,10.319327731092438,14.361659574753352
1937.11,11.2,1.16,9.655172413793103,13.158119166486063
1937.12,11.02,1.13,9.752212389380531,13.008483033706137
1938.01,11.31,1.07667,10.504611440831454,13.511461918562418
1938.02,11.04,1.02333,10.788308756706046,13.26307623646087
1938.03,10.31,0.97,10.628865979381445,12.37728623469769
1938.04,9.89,0.903333,10.948343523373994,11.789517720684183
1938.05,9.98,0.836667,11.928282100286015,11.992275930545693
1938.06,10.21,0.77,13.25974025974026,12.288966307788131
1938.07,12.24,0.72,17.0,14.77032801749207
1938.08,12.31,0.67,18.37313432835821,14.903588512604365
1938.09,11.75,0.62,18.951612903225808,14.282330508639967
1938.1,13.06,0.626667,20.840414446588063,16.06114764333344
1938.11,13.07,0.633333,20.636852966764717,16.149571800715517
1938.12,12.69,0.64,19.828125,15.756484438994006
1939.01,12.5,0.663333,18.84423057499024,15.599634410919288
1939.02,12.4,0.686667,18.058243661046767,15.664696928954772
1939.03,12.39,0.71,17.450704225352116,15.729223743214229
1939.04,10.83,0.726667,14.903662888228034,13.916994579812405
1939.05,11.23,0.743333,15.107630093107666,14.502929499657775
1939.06,11.43,0.76,15.039473684210526,14.833828921489786
1939.07,11.71,0.776667,15.07724674796277,15.270952598570258
1939.08,11.54,0.793333,14.546224599254034,15.120082343333989
1939.09,12.77,0.81,15.76543209876543,16.452835577060963
1939.1,12.9,0.84,15.357142857142858,16.82120480626564
1939.11,12.67,0.87,14.563218390804598,16.59923850994664
1939.12,12.37,0.9,13.744444444444444,16.280412901283842
1940.01,12.3,0.93,13.225806451612904,16.37848034261367
1940.02,12.22,0.96,12.729166666666668,16.216119847731054
1940.03,12.15,0.99,12.272727272727273,16.172906305307897
1940.04,12.27,1.00667,12.18870136191602,16.370988707128785
1940.05,10.58,1.02333,10.338795891843295,14.138747694800731
1940.06,9.67,1.04,9.298076923076923,12.843765598268808
1940.07,9.99,1.05333,9.484207228503887,13.36988476321006
1940.08,10.2,1.06667,9.562470117280883,13.649399392391642
1940.09,10.63,1.08,9.842592592592593,14.214842598620642
1940.1,10.73,1.07,10.028037383177569,14.328290323104959
1940.11,10.98,1.06,10.358490566037736,14.636689248763613
1940.12,10.53,1.05,10.028571428571427,13.908426122353838
1941.01,10.55,1.05333,10.015854480552154,13.904158267950832
1941.02,9.89,1.05667,9.359591925577522,13.002943303402448
1941.03,9.95,1.06,9.386792452830187,12.955719822063331
1941.04,9.64,1.07,9.009345794392523,12.429370389220786
1941.05,9.43,1.08,8.731481481481481,12.037206512481578
1941.06,9.76,1.09,8.954128440366972,12.164306590628442
1941.07,10.26,1.12333,9.133558259816795,12.744996277919583
1941.08,10.21,1.15667,8.8270638989513,12.46317372038781
1941.09,10.24,1.19,8.605042016806724,12.27972927209308
1941.1,9.83,1.18,8.330508474576272,11.57781495657408
1941.11,9.37,1.17,8.008547008547009,10.911668685916966
1941.12,8.76,1.16,7.551724137931035,10.086593309917905
1942.01,8.93,1.12,7.973214285714285,10.101686431929252
1942.02,8.65,1.08,8.00925925925926,9.680255591749361
1942.03,8.18,1.04,7.865384615384615,9.003426617760969
1942.04,7.84,1.02,7.686274509803921,8.544255707588261
1942.05,7.93,1.0,7.93,8.50611625969605
1942.06,8.33,0.98,8.5,8.90545692851805
1942.07,8.64,0.966667,8.937927952438637,9.150488900994741
1942.08,8.59,0.953333,9.010492661011419,9.012823047564297
1942.09,8.68,0.94,9.23404255319149,9.077829839371503
1942.1,9.32,0.97,9.608247422680414,9.599176749352992
1942.11,9.47,1.0,9.47,9.661334152171664
1942.12,9.52,1.03,9.242718446601941,9.61751410328318
1943.01,10.09,1.04333,9.670957415199409,10.150534220432082
1943.02,10.69,1.05667,10.116687329062053,10.708982995221266
1943.03,11.07,1.07,10.345794392523365,10.850541744036802
1943.04,11.44,1.08,10.592592592592592,11.039227142939692
1943.05,11.89,1.09,10.908256880733944,11.362215800613695
1943.06,12.1,1.1,10.999999999999998,11.51674478645123
1943.07,12.35,1.09333,11.295766145628493,11.774213341781651
1943.08,11.74,1.08667,10.803647841571038,11.210545904158963
1943.09,11.99,1.08,11.101851851851851,11.336281939610283
1943.1,11.88,1.03333,11.496811280036386,11.187335503326027
1943.11,11.33,0.986667,11.483104228681004,10.631033673001417
1943.12,11.48,0.94,12.212765957446809,10.73736031604107
1944.01,11.85,0.936667,12.651241049380408,11.05241276397747
1944.02,11.77,0.933333,12.610718789542425,10.94791888772472
1944.03,12.1,0.93,13.010752688172042,11.224693196180679
1944.04,11.89,0.926667,12.830930636355886,10.938275188239396
1944.05,12.1,0.923333,13.104697871732084,11.103736936792616
1944.06,12.67,0.92,13.771739130434781,11.5327852725325
1944.07,13.0,0.913333,14.233581837073665,11.73877475018071
1944.08,12.81,0.906667,14.128671276223796,11.541711674209218
1944.09,12.6,0.9,14.0,11.32856058469647
1944.1,12.91,0.91,14.186813186813186,11.583105186279123
1944.11,12.82,0.92,13.934782608695652,11.47845919805548
1944.12,13.1,0.93,14.086021505376342,11.63868359335513
1945.01,13.49,0.94,14.351063829787234,11.960463439806993
1945.02,13.94,0.95,14.673684210526316,12.341753548186317
1945.03,13.93,0.96,14.510416666666666,12.32331031138933
1945.04,14.28,0.973333,14.671237901108869,12.631867236563076
1945.05,14.82,0.986667,15.020265195856354,13.036560628785356
1945.06,15.09,1.0,15.09,13.130223361406054
1945.07,14.78,0.996667,14.829426478452683,12.86702844300916
1945.08,14.83,0.993333,14.929535211253427,12.915378562256745
1945.09,15.84,0.99,16.0,13.79826495171978
1945.1,16.5,0.98,16.836734693877553,14.374662675391342
1945.11,17.04,0.97,17.56701030927835,14.847702661876786
1945.12,17.33,0.96,18.052083333333332,15.02034747473997
1946.01,18.02,0.94,19.170212765957448,15.623163177761676
1946.02,18.07,0.92,19.641304347826086,15.761666525801909
1946.03,17.53,0.9,19.477777777777778,15.134873415142536
1946.04,18.66,0.88,21.204545454545453,16.040842386215918
1946.05,18.7,0.86,21.744186046511626,16.01372317083218
1946.06,18.58,0.84,22.119047619047617,15.773186880128746
1946.07,18.05,0.856667,21.070030712050308,14.508136111909067
1946.08,17.7,0.873333,20.26718330808523,13.98493930994276
1946.09,15.09,0.89,16.95505617977528,11.841267540149635
1946.1,14.75,0.946667,15.580980429232243,11.387602961765051
1946.11,14.69,1.00333,14.641244655297857,11.110043656743295
1946.12,15.13,1.06,14.273584905660377,11.372779425862708
1947.01,15.21,1.13,13.460176991150444,11.469296334735576
1947.02,15.8,1.2,13.166666666666668,11.949565314209437
1947.03,15.16,1.27,11.937007874015748,11.287903096501285
1947.04,14.6,1.32667,11.004997474880716,10.900825126392677
1947.05,14.34,1.38333,10.366290039253107,10.733674273688536
1947.06,14.84,1.44,10.305555555555555,11.082715855052095
1947.07,15.77,1.47667,10.679434132202863,11.696446553354363
1947.08,15.46,1.51333,10.215881532778706,11.33747235532983
1947.09,15.06,1.55,9.716129032258065,10.827463017228837
1947.1,15.45,1.57,9.84076433121019,11.132662042754786
1947.11,15.27,1.59,9.60377358490566,10.975407324839072
1947.12,15.03,1.61,9.335403726708073,10.68091253196919
1948.01,14.83,1.64333,9.024359075779058,10.419342657320323
1948.02,14.1,1.67667,8.409526024799154,9.999761169144184
1948.03,14.3,1.71,8.362573099415206,10.186680609489674
1948.04,15.4,1.76,8.75,10.77948448202462
1948.05,16.15,1.81,8.922651933701657,11.241032697984439
1948.06,16.82,1.86,9.043010752688172,11.583895756523843
1948.07,16.42,1.93,8.50777202072539,11.134621739180933
1948.08,15.94,2.0,7.97,10.723556662478131
1948.09,15.76,2.07,7.613526570048309,10.55301368939916
1948.1,16.19,2.14333,7.553666490927669,10.825409809169495
1948.11,15.29,2.21667,6.897733988369941,10.248096205635571
1948.12,15.19,2.29,6.633187772925764,10.159652938900916
1949.01,15.36,2.32,6.620689655172414,10.24828575803898
1949.02,14.77,2.35,6.285106382978723,9.872517140570059
1949.03,14.91,2.38,6.264705882352941,9.901332491240924
1949.04,14.89,2.38667,6.238818102209355,9.78363986754406
1949.05,14.78,2.39333,6.175496066150509,9.692295086395816
1949.06,13.97,2.4,5.820833333333334,9.067718943419537
1949.07,14.76,2.39667,6.158544981161362,9.605038093363925
1949.08,15.29,2.39333,6.3885882849419,9.851348638079234
1949.09,15.49,2.39,6.481171548117154,9.884048361738287
1949.1,15.89,2.36667,6.71407505059852,10.169850844772146
1949.11,16.11,2.34333,6.874831969889004,10.21586101165065
1949.12,16.54,2.32,7.129310344827586,10.529330904131147
1950.01,16.88,2.33667,7.223955457980802,10.745733299747911
1950.02,17.21,2.35333,7.313041519888838,10.911564066731684
1950.03,17.35,2.37,7.320675105485233,10.910946522976257
1950.04,17.84,2.42667,7.3516382532441575,11.178021600956098
1950.05,18.44,2.48333,7.425513322836675,11.461543104586232
1950.06,18.74,2.54,7.377952755905511,11.554126144044288
1950.07,17.38,2.6,6.684615384615384,10.539745658930993
1950.08,18.43,2.66,6.928571428571428,11.04061167026154
1950.09,19.08,2.72,7.01470588235294,11.3373911022773
1950.1,19.87,2.76,7.199275362318842,11.662444039105264
1950.11,19.83,2.8,7.082142857142857,11.542173388716298
1950.12,19.75,2.84,6.954225352112676,11.306665788890761
1951.01,21.21,2.83667,7.477076995209172,11.89575983943707
1951.02,22.0,2.83333,7.764715017311785,12.141507370682692
1951.03,21.63,2.83,7.643109540636042,11.841626487283097
1951.04,21.92,2.79333,7.847264734206127,11.951097197083959
1951.05,21.93,2.75667,7.955250356408275,11.863875406269177
1951.06,21.55,2.72,7.922794117647059,11.61566485702518
1951.07,21.93,2.65,8.275471698113208,11.778190092457809
1951.08,22.89,2.58,8.872093023255815,12.256989084145143
1951.09,23.48,2.51,9.354581673306773,12.44495315715004
1951.1,23.36,2.48667,9.394089284062622,12.309457904118688
1951.11,22.71,2.46333,9.219227630889893,11.852030617771039
1951.12,23.41,2.44,9.594262295081968,12.147072568106777
1952.01,24.19,2.42667,9.968392900559202,12.527059748172297
1952.02,23.75,2.41333,9.841173813775985,12.36411935046109
1952.03,23.81,2.4,9.920833333333333,12.362339087390364
1952.04,23.74,2.38,9.974789915966387,12.24272868326688
1952.05,23.73,2.36,10.055084745762713,12.200478761945837
1952.06,24.38,2.34,10.418803418803419,12.447881581789366
1952.07,25.08,2.34667,10.687484818913608,12.669112889622479
1952.08,25.18,2.35333,10.699731869308597,12.678378236328621
1952.09,24.78,2.36,10.500000000000002,12.434678020425505
1952.1,24.26,2.37333,10.221924468995041,12.13118355868687
1952.11,25.03,2.38667,10.487415520369385,12.47346976551531
1952.12,26.04,2.4,10.85,12.933964306161373
1953.01,26.18,2.41,10.863070539419086,13.010773447995183
1953.02,25.86,2.42,10.685950413223141,12.859346880687902
1953.03,25.99,2.43,10.695473251028805,12.83481934009249
1953.04,24.71,2.45667,10.058330992766631,12.1639014540068
1953.05,24.84,2.48333,10.002697990198644,12.141970791867779
1953.06,23.95,2.51,9.54183266932271,11.62440788547008
1953.07,24.29,2.52333,9.626168594674496,11.750201645309998
1953.08,24.39,2.53667,9.614967654444607,11.715076201734
1953.09,23.27,2.55,9.125490196078433,11.139349357262919
1953.1,23.97,2.53667,9.449396255721084,11.391934765421409
1953.11,24.5,2.52333,9.709391954282633,11.644070268505766
1953.12,24.83,2.51,9.892430278884463,11.75444918402729
1954.01,25.46,2.52333,10.089841598205545,12.002650554927824
1954.02,26.02,2.53667,10.25754236853828,12.215052485432834
1954.03,26.57,2.55,10.419607843137255,12.420105295189968
1954.04,27.63,2.57333,10.73706054023386,12.907868184060913
1954.05,28.73,2.59667,11.064170649331643,13.312042238025853
1954.06,28.96,2.62,11.053435114503817,13.357885903658993
1954.07,30.13,2.62333,11.48540214155291,13.833009564245325
1954.08,30.73,2.62667,11.69922373194958,14.042112347320572
1954.09,31.45,2.63,11.958174904942966,14.356474143296973
1954.1,32.18,2.67667,12.02240096836741,14.619231935730559
1954.11,33.44,2.72333,12.279084796921417,15.117311697434385
1954.12,34.97,2.77,12.624548736462094,15.78906200232708
1955.01,35.6,2.83333,12.564720664377251,15.990781062969829
1955.02,36.79,2.89667,12.700790908180773,16.437728215987107
1955.03,36.5,2.96,12.33108108108108,16.21928294553779
1955.04,37.76,3.04667,12.393859525317804,16.685266628063495
1955.05,37.6,3.13333,12.000012765971029,16.518057827257792
1955.06,39.78,3.22,12.354037267080745,17.3700919634053
1955.07,42.69,3.29333,12.96256372729122,18.454031906632867
1955.08,42.43,3.36667,12.602957818853644,18.222326463047743
1955.09,44.34,3.44,12.889534883720932,18.843960654261306
1955.1,42.11,3.5,12.031428571428572,17.772325789386088
1955.11,44.95,3.56,12.626404494382022,18.83555928827389
1955.12,45.37,3.62,12.533149171270717,18.94236903581357
1956.01,44.15,3.64333,12.118034874688814,18.292585385418892
1956.02,44.43,3.66667,12.117261711580262,18.266116815127777
1956.03,47.49,3.69,12.869918699186993,19.371210099299958
1956.04,48.05,3.66,13.128415300546447,19.370593634578498
1956.05,46.54,3.63,12.820936639118457,18.544506591754434
1956.06,46.27,3.6,12.852777777777778,18.158163846958697
1956.07,48.78,3.55333,13.727967849876032,18.856797596896786
1956.08,48.49,3.50667,13.82793362363724,18.670937110186422
1956.09,46.84,3.46,13.537572254335261,17.83664079631202
1956.1,46.24,3.44333,13.428861015354324,17.41895294863613
1956.11,45.76,3.42667,13.354072612769832,17.120339736628257
1956.12,46.44,3.41,13.618768328445746,17.197522725560923
1957.01,45.43,3.40667,13.335603389820557,16.717780078533007
1957.02,43.47,3.40333,12.772784302433205,15.843733142229743
1957.03,44.03,3.4,12.950000000000001,15.900417108869165
1957.04,45.05,3.40667,13.224057510706935,16.123704360211754
1957.05,46.78,3.41333,13.705091508878427,16.59811078911426
1957.06,47.55,3.42,13.903508771929824,16.729918872472865
1957.07,48.51,3.43667,14.115408229477953,16.868882383979795
1957.08,45.84,3.45333,13.274144087011669,15.868942729452241
1957.09,43.98,3.47,12.674351585014408,15.15727448896221
1957.1,41.24,3.43667,11.999988360826032,14.149451489483534
1957.11,40.35,3.40333,11.85603511854566,13.73624223529848
1957.12,40.33,3.37,11.967359050445102,13.673246057951383
1958.01,41.12,3.29333,12.485842597006677,13.788431552307634
1958.02,41.26,3.21667,12.826929713026203,13.784906390337678
1958.03,42.11,3.14,13.410828025477706,13.925589923892938
1958.04,42.34,3.07,13.791530944625409,13.913501765262778
1958.05,43.7,3.0,14.566666666666668,14.32382496840923
1958.06,44.75,2.93,15.273037542662115,14.635555551956267
1958.07,45.98,2.91333,15.782626753577519,14.957457101901133
1958.08,47.7,2.89667,16.467184732813887,15.544566891165923
1958.09,48.96,2.88,17.0,15.931923184092845
1958.1,50.95,2.88333,17.670540659584578,16.559803310351572
1958.11,52.5,2.88667,18.18704597338802,16.988883579386336
1958.12,53.49,2.89,18.508650519031143,17.35835736536996
1959.01,55.62,2.96333,18.76942493748587,17.98033934299339
1959.02,54.77,3.03667,18.036204131499307,17.759169263611422
1959.03,56.16,3.11,18.057877813504824,18.200871845485636
1959.04,57.1,3.20667,17.806634296637945,18.430753048783426
1959.05,57.96,3.30333,17.545930924249166,18.692721439594187
1959.06,57.46,3.4,16.900000000000002,18.44859139706648
1959.07,59.74,3.41,17.519061583577713,19.090533975796514
1959.08,59.4,3.42,17.36842105263158,18.95880364075021
1959.09,57.05,3.43,16.632653061224488,18.12329055675862
1959.1,57.0,3.41667,16.682910553257997,18.02196244151543
1959.11,57.23,3.40333,16.815883267270586,18.07178913057022
1959.12,59.06,3.39,17.421828908554573,18.624728977900112
1960.01,58.03,3.39,17.117994100294986,18.338284994375567
1960.02,55.78,3.39,16.454277286135692,17.54527510894598
1960.03,55.02,3.39,16.23008849557522,17.286020720522153
1960.04,55.73,3.34667,16.652373852217277,17.429766947597205
1960.05,55.22,3.30333,16.71646490057003,17.25617057872792
1960.06,57.26,3.26,17.564417177914113,17.823363817264745
1960.07,55.84,3.26333,17.111355578504167,17.376806472898117
1960.08,56.51,3.26667,17.298961939834754,17.582113039577674
1960.09,54.81,3.27,16.761467889908257,17.052015467817665
1960.1,53.73,3.27,16.431192660550458,16.605104536251027
1960.11,55.47,3.27,16.96330275229358,17.146088452419004
1960.12,56.8,3.27,17.370030581039753,17.562090833957125
1961.01,59.72,3.21,18.60436137071651,18.470416986477176
1961.02,62.17,3.15,19.736507936507937,19.234014498298354
1961.03,64.12,3.09,20.750809061488674,19.84422527272557
1961.04,65.83,3.07,21.44299674267101,20.38284297575478
1961.05,66.5,3.05,21.803278688524593,20.598606843297347
1961.06,65.62,3.03,21.65676567656766,20.332414551592294
1961.07,65.44,3.03667,21.54992146002035,20.146643736827325
1961.08,67.79,3.04333,22.274942250758215,20.941688475215194
1961.09,67.26,3.05,22.052459016393446,20.70524304414726
1961.1,68.0,3.09667,21.959072164615538,20.92419014101079
1961.11,71.08,3.14333,22.61296141353278,21.857957721959675
1961.12,71.74,3.19,22.489028213166144,22.041480198382267
1962.01,69.07,3.25,21.25230769230769,21.19793140001523
1962.02,70.22,3.31,21.214501510574017,21.451687754873376
1962.03,70.29,3.37,20.857566765578635,21.44315856852624
1962.04,68.05,3.40333,19.995122424213932,20.658336447649038
1962.05,62.99,3.43667,18.328789205830063,19.089367498116655
1962.06,55.63,3.47,16.03170028818444,16.82757124479247
1962.07,56.97,3.49,16.32378223495702,17.141325661322796
1962.08,58.52,3.51,16.672364672364676,17.571262631045535
1962.09,58.0,3.53,16.430594900849858,17.321461147465484
1962.1,56.17,3.57667,15.704551999485556,16.739820967901334
1962.11,60.04,3.62333,16.570392429063872,17.854386489497152
1962.12,62.64,3.67,17.068119891008173,18.585836118439865
1963.01,65.06,3.68333,17.66336440123475,19.259231693254055
1963.02,65.92,3.69667,17.832265254945668,19.469191309671416
1963.03,65.67,3.71,17.70080862533693,19.288064606604838
1963.04,68.76,3.75333,18.319732077914814,20.15007723822699
1963.05,70.14,3.79667,18.474083868231897,20.50758586495262
1963.06,70.11,3.84,18.2578125,20.384149993841003
1963.07,69.07,3.88,17.801546391752577,19.969231885949643
1963.08,70.98,3.92,18.107142857142858,20.472637900527687
1963.09,72.85,3.96,18.396464646464644,20.960360090705116
1963.1,73.03,3.98,18.349246231155778,20.891344595411496
1963.11,72.62,4.0,18.155,20.720399335339714
1963.12,74.17,4.02,18.450248756218908,21.038599376737054
1964.01,76.45,4.07333,18.76842779740409,21.627216196980946
1964.02,77.39,4.12667,18.753619746672257,21.832670826710334
1964.03,78.8,4.18,18.851674641148325,22.167245585982645
1964.04,79.94,4.23,18.8983451536643,22.422192169737183
1964.05,80.72,4.28,18.859813084112147,22.574330769563844
1964.06,80.24,4.33,18.531177829099306,22.300288036082797
1964.07,83.22,4.37667,19.014456196149126,22.984351845738402
1964.08,82.0,4.42333,18.538069734792565,22.650407292938795
1964.09,83.41,4.47,18.659955257270695,22.892221984231686
1964.1,84.85,4.49667,18.86951899961527,23.21215468067534
1964.11,85.44,4.52333,18.8887390484444,23.22501979309582
1964.12,83.96,4.55,18.45274725274725,22.75298477278727
1965.01,86.12,4.59333,18.74892507178888,23.269335081922474
1965.02,86.75,4.63667,18.709548016140896,23.372068272751342
1965.03,86.83,4.68,18.553418803418804,23.253528200034843
1965.04,87.97,4.73333,18.5852243557918,23.4205519547713
1965.05,89.28,4.78667,18.651797596241227,23.708808308861954
1965.06,85.04,4.84,17.5702479338843,22.385342986457793
1965.07,84.91,4.88667,17.375840807748425,22.300781712174434
1965.08,86.49,4.93333,17.531768602546354,22.665971845964386
1965.09,89.38,4.98,17.947791164658632,23.374146831648623
1965.1,91.39,5.05,18.097029702970296,23.775745523312686
1965.11,92.15,5.12,17.998046875,23.925461156673713
1965.12,91.73,5.19,17.674373795761078,23.69411154910632
1966.01,93.32,5.24,17.80916030534351,24.058483388421738
1966.02,92.69,5.29,17.52173913043478,23.700027145579394
1966.03,88.88,5.34,16.644194756554306,22.611112582289987
1966.04,91.6,5.38,17.02602230483271,23.113696462615827
1966.05,86.78,5.42,16.01107011070111,21.8521779767631
1966.06,86.06,5.46,15.761904761904763,21.555253383226255
1966.07,85.84,5.47667,15.67375795875961,21.381702007433415
1966.08,80.65,5.49333,14.681440947476304,19.913903864009807
1966.09,77.81,5.51,14.121597096188749,19.161676250615006
1966.1,77.13,5.52333,13.964401909717507,18.825409371315676
1966.11,80.99,5.53667,14.627926172229877,19.711251211928968
1966.12,81.33,5.55,14.654054054054054,19.736473752791966
1967.01,84.45,5.51667,15.30814785006172,20.432242125384278
1967.02,87.36,5.48333,15.931924578677556,21.074443163678435
1967.03,89.42,5.45,16.407339449541283,21.44389860201909
1967.04,90.96,5.41,16.813308687615525,21.68602556674624
1967.05,92.59,5.37,17.242085661080075,21.948477389658397
1967.06,91.43,5.33,17.153846153846153,21.552097609793478
1967.07,93.01,5.32,17.48308270676692,21.804196245666358
1967.08,94.49,5.31,17.794726930320152,22.03062704912601
1967.09,95.81,5.3,18.077358490566038,22.219145488664783
1967.1,95.66,5.31,18.015065913371,22.068199194183883
1967.11,92.66,5.32,17.417293233082706,21.263102968336277
1967.12,95.3,5.33,17.879924953095685,21.751597808723627
1968.01,95.04,5.36667,17.709305770617537,21.511535896332177
1968.02,90.75,5.40333,16.795198516470396,20.424992376214224
1968.03,89.09,5.44,16.376838235294116,19.9347113082957
1968.04,95.67,5.48333,17.447427019712475,21.277356015671742
1968.05,97.87,5.52667,17.708674482102243,21.63022714277988
1968.06,100.5,5.57,18.043087971274684,22.004623431346534
1968.07,100.3,5.6,17.910714285714285,21.75353741567095
1968.08,98.11,5.63,17.426287744227352,21.13776679361786
1968.09,101.3,5.66,17.897526501766784,21.680275633292936
1968.1,103.8,5.69333,18.231860791487584,22.00460692795689
1968.11,105.4,5.72667,18.40511152205383,22.195529227158158
1968.12,106.5,5.76,18.489583333333336,22.277872995434887
1969.01,102.0,5.78,17.64705882352941,21.194968072847157
1969.02,101.5,5.8,17.5,20.89572990198724
1969.03,99.3,5.82,17.061855670103093,20.202287616481662
1969.04,101.3,5.82667,17.38557357804715,20.42860808193216
1969.05,104.6,5.83333,17.931438817965038,20.9722582719721
1969.06,99.14,5.84,16.976027397260275,19.713341583757636
1969.07,94.71,5.85667,16.171305537105553,18.681708207192766
1969.08,94.18,5.87333,16.035196387739155,18.42951559020775
1969.09,94.51,5.89,16.04584040747029,18.39804634467698
1969.1,95.52,5.85333,16.31891589915484,18.448662031815367
1969.11,96.21,5.81667,16.540391667397323,18.437760084691057
1969.12,91.11,5.78,15.762975778546712,17.3269299137427
1970.01,90.31,5.73,15.760907504363,17.09054139514022
1970.02,87.16,5.68,15.345070422535212,16.372586787159864
1970.03,88.65,5.63,15.74600355239787,16.531690813943623
1970.04,85.95,5.59333,15.36651690495644,15.873067819354068
1970.05,76.06,5.55667,13.688054176332226,13.983836060789194
1970.06,75.59,5.52,13.693840579710146,13.799691797725185
1970.07,75.72,5.46667,13.851211066334717,13.726499744359776
1970.08,77.92,5.41333,14.394097533311289,14.100456516815452
1970.09,82.58,5.36,15.406716417910447,14.842661145242232
1970.1,84.37,5.28333,15.969095248640535,15.064185404089631
1970.11,84.28,5.20667,16.186929457791642,14.950761908791737
1970.12,90.05,5.13,17.553606237816766,15.873840687205748
1971.01,93.49,5.16,18.118217054263564,16.46179394349194
1971.02,97.11,5.19,18.710982658959537,17.03453478150213
1971.03,99.6,5.22,19.080459770114942,17.402902607188878
1971.04,103.0,5.25333,19.606611425514863,17.92411044795961
1971.05,101.6,5.28667,19.218146772921326,17.56415327969939
1971.06,99.72,5.32,18.74436090225564,17.08316688007071
1971.07,99.0,5.35667,18.48163131199047,16.889414708693362
1971.08,97.24,5.39333,18.029677397822866,16.519449443051574
1971.09,99.4,5.43,18.30570902394107,16.856792547836005
1971.1,97.29,5.52,17.625000000000004,16.42886270915948
1971.11,92.78,5.61,16.538324420677363,15.63871265432665
1971.12,99.17,5.7,17.398245614035087,16.60355721292534
1972.01,103.3,5.73667,18.00696222721544,17.26299679703518
1972.02,105.2,5.77333,18.22171952755169,17.464147605486176
1972.03,107.7,5.81,18.53700516351119,17.805643849614945
1972.04,108.8,5.86333,18.55600827516104,17.915161678498304
1972.05,107.7,5.91667,18.202806646306115,17.662646200372556
1972.06,108.0,5.97,18.090452261306535,17.640857315740256
1972.07,107.2,6.02667,17.787600781194257,17.39869003113817
1972.08,111.0,6.08333,18.246585340594706,17.943404688029805
1972.09,109.4,6.14,17.817589576547235,17.613854552912112
1972.1,109.6,6.23333,17.58289710315353,17.53318385415856
1972.11,115.1,6.32667,18.192824977436786,18.338894714968063
1972.12,117.5,6.42,18.302180685358255,18.645719442073684
1973.01,118.4,6.54667,18.08553050634903,18.712530467302436
1973.02,114.2,6.67333,17.112895660787043,17.889889599193758
1973.03,112.4,6.8,16.529411764705884,17.41214205829034
1973.04,110.3,6.94333,15.885749345054895,16.935740066050826
1973.05,107.2,7.08667,15.12699194403013,16.314338759668573
1973.06,104.8,7.23,14.49515905947441,15.808323047681984
1973.07,105.8,7.38333,14.329577575430056,15.889518573988786
1973.08,103.8,7.53667,13.772660870119031,15.278501094706124
1973.09,105.6,7.69,13.732119635890767,15.475308601805564
1973.1,109.8,7.84667,13.993197114189842,15.913516308933389
1973.11,102.0,8.00333,12.744695020697634,14.651845159710572
1973.12,94.78,8.16,11.615196078431373,13.493329686205888
1974.01,96.11,8.22667,11.682734326282688,13.530721892513949
1974.02,93.45,8.29333,11.26809134569588,12.957321280205388
1974.03,97.44,8.36,11.655502392344498,13.310364239140162
1974.04,92.46,8.48667,10.894732562948718,12.550411048540905
1974.05,89.67,8.61333,10.410607744043245,11.99543694732966
1974.06,89.79,8.74,10.273455377574372,11.888498820078999
1974.07,79.31,8.86333,8.94810415498464,10.39414180532705
1974.08,76.03,8.98667,8.460308434603697,9.824195723141194
1974.09,68.12,9.11,7.4774972557628985,8.680421305646334
1974.1,69.44,9.03667,7.684246520012349,8.744983833809584
1974.11,71.74,8.96333,8.003721831060554,8.948984512755604
1974.12,67.07,8.89,7.544431946006748,8.289060055923082
1975.01,72.56,8.74333,8.298897559625452,8.920995508404248
1975.02,80.1,8.59667,9.317561334795915,9.762246716166471
1975.03,83.78,8.45,9.914792899408285,10.163796767444035
1975.04,84.72,8.28667,10.223648341251671,10.23307613660592
1975.05,90.1,8.12333,11.091510501235332,10.81813911933581
1975.06,92.4,7.96,11.608040201005027,11.011354609247661
1975.07,92.49,7.89333,11.717488056371645,10.902767048238575
1975.08,85.71,7.82667,10.951017482530885,10.089769593328016
1975.09,84.67,7.76,10.911082474226804,9.918905356559423
1975.1,88.57,7.82667,11.316434703392375,10.327599777501112
1975.11,90.07,7.89333,11.410900089062537,10.435859457947897
1975.12,88.7,7.96,11.143216080402011,10.250368416256839
1976.01,96.86,8.19333,11.821811156147746,11.18505136262215
1976.02,100.6,8.42667,11.938286416817082,11.586092994449693
1976.03,101.1,8.66,11.674364896073902,11.631754403566513
1976.04,101.9,8.85667,11.505452952407621,11.68916413220637
1976.05,101.2,9.05333,11.178207355746448,11.532053585609427
1976.06,101.8,9.25,11.005405405405405,11.543841631417108
1976.07,104.2,9.35,11.144385026737968,11.75749048868991
1976.08,103.3,9.45,10.931216931216932,11.597986002509254
1976.09,105.5,9.55,11.047120418848166,11.805990949539794
1976.1,101.9,9.67,10.537745604963806,11.345696136316702
1976.11,101.2,9.79,10.337078651685394,11.248855860507968
1976.12,104.7,9.91,10.565085771947528,11.597589726582946
1977.01,103.8,9.96667,10.414712235882195,11.437961346787558
1977.02,101.0,10.0233,10.07652170442868,11.014841854222778
1977.03,100.6,10.08,9.98015873015873,10.895746511662741
1977.04,99.05,10.1933,9.717167158820008,10.63603740914136
1977.05,98.76,10.3067,9.582116487333483,10.548486693556999
1977.06,99.29,10.42,9.528790786948177,10.530023959090757
1977.07,100.2,10.5167,9.527703557199501,10.567692447775407
1977.08,97.75,10.6133,9.210141991651984,10.268385666710998
1977.09,96.23,10.71,8.985060690943044,10.067742820070704
1977.1,93.74,10.77,8.70380687093779,9.766666299556547
1977.11,94.28,10.83,8.70544783010157,9.766299983660199
1977.12,93.82,10.89,8.615243342516068,9.67826658253592
1978.01,90.25,10.9,8.279816513761467,9.241462260934691
1978.02,88.98,10.91,8.155820348304308,9.045263570704742
1978.03,88.82,10.92,8.133699633699633,8.950420077633895
1978.04,92.71,11.0233,8.410367131439767,9.262588720866848
1978.05,97.41,11.1267,8.75461727196743,9.63491072859845
1978.06,97.66,11.23,8.696349065004451,9.549678981041739
1978.07,97.19,11.3433,8.568053388343781,9.425524047787361
1978.08,103.9,11.4567,9.068929098256916,10.023970854003752
1978.09,103.9,11.57,8.980121002592913,9.941887473004407
1978.1,100.6,11.8233,8.50862280412406,9.533608358208832
1978.11,94.71,12.0767,7.842374158503564,8.92841890229315
1978.12,96.11,12.33,7.794809407948094,9.011941819133828
1979.01,99.71,12.6533,7.880157745410288,9.25763691913997
1979.02,98.23,12.9767,7.569721115537849,9.003740371045632
1979.03,100.1,13.3,7.526315789473683,9.070785029660762
1979.04,102.1,13.5267,7.548034627810183,9.133063566217412
1979.05,99.73,13.7533,7.251350584950521,8.794383289814954
1979.06,101.7,13.98,7.274678111587983,8.85393776469395
1979.07,102.7,14.1967,7.234075524593744,8.827498045542361
1979.08,107.4,14.4133,7.45145109031242,9.127165797215032
1979.09,108.6,14.63,7.423103212576896,9.112758990740955
1979.1,104.5,14.7067,7.105604928365983,8.68184330689931
1979.11,103.7,14.7833,7.014671960928886,8.518784302983555
1979.12,107.8,14.86,7.2543741588156125,8.745204404669291
1980.01,110.9,15.0033,7.391707157758627,8.850934180729109
1980.02,115.3,15.1467,7.6122191632500815,9.054476092192516
1980.03,104.7,15.29,6.847612818835841,8.081150900785497
1980.04,103.0,15.1733,6.78823986871676,7.844024504719218
1980.05,107.7,15.0567,7.152961804379446,8.104225807176494
1980.06,114.6,14.94,7.670682730923694,8.512077962306742
1980.07,119.8,14.84,8.07277628032345,8.880865527295843
1980.08,123.5,14.74,8.378561736770692,9.07100598161838
1980.09,126.5,14.64,8.64071038251366,9.196040131743239
1980.1,130.2,14.7,8.857142857142858,9.357841046757112
1980.11,135.7,14.76,9.193766937669377,9.654043663233388
1980.12,133.5,14.82,9.008097165991902,9.389902084921742
1981.01,133.0,14.74,9.023066485753052,9.259404530877953
1981.02,128.4,14.66,8.758526603001364,8.829899353831305
1981.03,133.2,14.58,9.135802469135802,9.081096883854622
1981.04,134.4,14.7233,9.128388336853831,9.08556123078874
1981.05,131.7,14.8667,8.858724532007775,8.818483466548065
1981.06,132.3,15.01,8.81412391738841,8.765340744304927
1981.07,129.1,15.0967,8.55153775328383,8.44531946787551
1981.08,129.6,15.1833,8.535693821501255,8.399806316566439
1981.09,118.3,15.27,7.747216764898494,7.581163051923156
1981.1,119.8,15.3,7.830065359477124,7.649141713319213
1981.11,122.9,15.33,8.01696020874103,7.810752565716109
1981.12,123.8,15.36,8.059895833333334,7.8325621371418945
1982.01,117.3,15.1767,7.728952934432386,7.388659973375994
1982.02,114.5,14.9933,7.636744412504252,7.181823450546731
1982.03,110.8,14.81,7.481431465226198,6.950673793536031
1982.04,116.3,14.5967,7.967554310220803,7.259072625426146
1982.05,116.4,14.3833,8.092718638977148,7.192612484464621
1982.06,109.7,14.17,7.741707833450953,6.692133988197588
1982.07,109.4,13.9667,7.832916866546858,6.638653100208757
1982.08,109.7,13.7633,7.9704721978014,6.643422752166089
1982.09,122.4,13.56,9.026548672566372,7.398838200323304
1982.1,132.7,13.2533,10.012600635313468,7.999840994534585
1982.11,138.1,12.9467,10.666810847551886,8.347476938155424
1982.12,139.4,12.64,11.028481012658228,8.467738401400473
1983.01,144.3,12.5667,11.482728162524769,8.75678322413474
1983.02,146.8,12.4933,11.750298159813662,8.910493436624117
1983.03,151.9,12.42,12.230273752012883,9.232829705190523
1983.04,157.7,12.4767,12.639560140101148,9.53158128416041
1983.05,164.1,12.5333,13.093119928510447,9.874456504668396
1983.06,166.4,12.59,13.216838760921366,10.00011790313002
1983.07,167.0,12.8267,13.01971668472795,10.014475995571022
1983.08,162.4,13.0633,12.431774513331241,9.728056935665206
1983.09,167.2,13.3,12.57142857142857,9.984202458028776
1983.1,167.7,13.5433,12.382506479218506,10.003391799449624
1983.11,165.2,13.7867,11.982562904828566,9.853581649364278
1983.12,164.4,14.03,11.717747683535283,9.81501090360867
1984.01,166.4,14.44,11.523545706371191,9.894931809202534
1984.02,157.3,14.85,10.592592592592593,9.32452964572798
1984.03,157.4,15.26,10.314547837483618,9.326747066508243
1984.04,157.6,15.5733,10.11988467441069,9.305643404594822
1984.05,156.6,15.8867,9.85730201992862,9.231831816896046
1984.06,153.1,16.2,9.450617283950617,9.010185512291006
1984.07,151.1,16.32,9.258578431372548,8.868302214043299
1984.08,164.4,16.44,10.0,9.623063257373168
1984.09,166.1,16.56,10.030193236714977,9.68734131362808
1984.1,164.8,16.5867,9.935671351142783,9.595070703048505
1984.11,166.3,16.6133,10.010052187103106,9.691973221783089
1984.12,164.5,16.64,9.885817307692307,9.59505480113346
1985.01,171.6,16.5567,10.364384206997771,9.997001177730452
1985.02,180.9,16.4733,10.981406275609624,10.49493517260708
1985.03,179.4,16.39,10.945698596705308,10.37321721492473
1985.04,180.6,16.13,11.196528208307502,10.39711871981682
1985.05,184.9,15.87,11.650913673597984,10.608120467860097
1985.06,188.9,15.61,12.101217168481742,10.810049845861215
1985.07,192.5,15.4833,12.432750124327502,10.997563956793382
1985.08,188.3,15.3567,12.261748943457905,10.738799808877284
1985.09,184.1,15.23,12.087984241628364,10.47123466169755
1985.1,186.2,15.0233,12.39408119387884,10.552516982943748
1985.11,197.5,14.8167,13.329553814277132,11.164611128667467
1985.12,207.3,14.61,14.188911704312117,11.690521474467593
1986.01,208.2,14.58,14.2798353909465,11.715007584487983
1986.02,219.4,14.55,15.079037800687285,12.388219099418121
1986.03,232.3,14.52,15.998622589531681,13.189022981532718
1986.04,238.0,14.5833,16.320037302942406,13.552504172869476
1986.05,238.5,14.6467,16.283531443943005,13.560046199232337
1986.06,245.3,14.71,16.675730795377294,13.888688626457117
1986.07,240.2,14.7567,16.277351982489307,13.619995534083808
1986.08,245.0,14.8033,16.55036377024042,13.887667550866055
1986.09,238.3,14.85,16.04713804713805,13.467314312977132
1986.1,237.4,14.7267,16.120379990086036,13.425918860857362
1986.11,245.1,14.6033,16.783877616703073,13.872985596138603
1986.12,248.6,14.48,17.168508287292816,14.085139814743314
1987.01,264.5,14.6867,18.00949158081802,14.92220810371895
1987.02,280.9,14.8933,18.86083003766794,15.822318142836455
1987.03,292.5,15.1,19.370860927152318,16.433343976069928
1987.04,289.3,14.8733,19.450962462936943,16.19653445322088
1987.05,289.1,14.6467,19.73823455112756,16.160311952655743
1987.06,301.4,14.42,20.90152565880721,16.825207307878724
1987.07,310.1,14.9,20.812080536912752,17.306004390512225
1987.08,329.4,15.38,21.417425227568266,18.32690724585634
1987.09,318.7,15.86,20.094577553593947,17.67562044993822
1987.1,280.2,16.4067,17.078388707052603,15.530055563627315
1987.11,245.0,16.9533,14.451463726826047,13.590885143189084
1987.12,241.0,17.5,13.771428571428572,13.389028514426965
1988.01,250.5,17.8633,14.023164812772556,13.898336683569138
1988.02,258.1,18.2267,14.160544695419357,14.298270962469523
1988.03,265.7,18.59,14.2926304464766,14.668946811103458
1988.04,262.6,19.6167,13.386553293877157,14.433316420838946
1988.05,256.1,20.6433,12.405962225031852,14.031891348027774
1988.06,270.7,21.67,12.491924319335485,14.76646864787962
1988.07,269.1,22.0233,12.218877279971668,14.608315717522101
1988.08,263.7,22.3767,11.784579495636086,14.244946310675651
1988.09,268.0,22.73,11.790585129784425,14.369428776140163
1988.1,277.4,23.0733,12.02255420767727,14.811450153277727
1988.11,271.0,23.4167,11.572937262722759,14.445530680872888
1988.12,276.5,23.75,11.642105263157895,14.702086748571997
1989.01,285.4,24.16,11.812913907284766,15.088072442713283
1989.02,294.0,24.56,11.97068403908795,15.467060462734754
1989.03,292.7,24.96,11.72676282051282,15.298969108882357
1989.04,302.3,25.0467,12.06945425944336,15.686742656144583
1989.05,313.9,25.1333,12.489406484623984,16.186353538544548
1989.06,323.7,25.22,12.835051546391753,16.64190423580859
1989.07,331.9,24.71,13.431808984216914,17.013407650499122
1989.08,346.6,24.2,14.322314049586778,17.73425143657732
1989.09,347.3,23.69,14.660194174757281,17.71422067897908
1989.1,347.4,23.4267,14.829233310709574,17.64085385279795
1989.11,340.2,23.1633,14.687026459960368,17.242369266947428
1989.12,348.6,22.87,15.242675994752952,17.650212904947328
1990.01,339.97,22.49,15.116496220542466,17.048843606878272
1990.02,330.45,22.08,14.966032608695652,16.508093516490288
1990.03,338.46,21.67,15.618827872634977,16.83374823348095
1990.04,338.18,21.5333,15.704977871482773,16.813913898735773
1990.05,350.25,21.3967,16.36934667495455,17.39241358864501
1990.06,360.39,21.26,16.951552210724362,17.817082821653013
1990.07,360.03,21.42,16.80812324929972,17.74717158707024
1990.08,330.75,21.58,15.32669138090825,16.168334756508976
1990.09,315.41,21.74,14.50827966881325,15.30128544352263
1990.1,307.12,21.6067,14.214109512327195,14.818147965500804
1990.11,315.29,21.4733,14.682885257505834,15.187607599503192
1990.12,328.75,21.34,15.405342080599812,15.846314974728767
1991.01,325.49,21.1833,15.365405767751012,15.606190118802362
1991.02,362.26,21.0267,17.228571292689768,17.35466474520511
1991.03,372.28,20.94,17.77841451766953,17.818620083397377
1991.04,379.68,20.3633,18.64530798053361,18.155345895198014
1991.05,377.99,19.8567,19.035892167379274,18.03543091100405
1991.06,378.29,19.41,19.489438433797012,18.01522704468833
1991.07,380.23,18.84,20.182059447983015,18.103452345519745
1991.08,389.4,18.33,21.243862520458265,18.512258455337715
1991.09,387.2,17.82,21.728395061728396,18.35728259177432
1991.1,386.88,17.2033,22.488708561729435,18.34918799200198
1991.11,385.92,16.5867,23.26683427083145,18.288868169301338
1991.12,388.51,15.97,24.327489041953662,18.441652313512723
1992.01,416.08,16.0467,25.929318800750305,19.77306821146264
1992.02,412.56,16.1233,25.587813909063282,19.582982970386738
1992.03,407.36,16.19,25.16121062384188,19.283561861298548
1992.04,407.41,16.4833,24.716531277110775,19.301229507881043
1992.05,414.81,16.7667,24.740109860616577,19.66227979564169
1992.06,408.27,17.05,23.94545454545454,19.3153659676446
1992.07,415.05,17.38,23.88089758342923,19.620740694824406
1992.08,417.93,17.71,23.598531902879728,19.722137498351525
1992.09,418.48,18.04,23.197339246119736,19.708766424745303
1992.1,412.5,18.39,22.430668841761825,19.37027107690697
1992.11,422.84,18.74,22.56350053361793,19.833656038801234
1992.12,435.64,19.09,22.82032477737035,20.448606721242964
1993.01,435.23,19.34,22.50413650465357,20.32341080299571
1993.02,441.7,19.59,22.547217968351198,20.545336792900446
1993.03,450.16,19.84,22.68951612903226,20.855200148690912
1993.04,443.08,19.67,22.525673614641583,20.457362016642186
1993.05,445.25,19.5,22.833333333333332,20.517605633764866
1993.06,448.06,19.33,23.17951370926022,20.60835701296019
1993.07,447.29,19.69,22.71660741493144,20.564596413297142
1993.08,454.13,20.05,22.6498753117207,20.812227546627383
1993.09,459.24,20.41,22.500734933855952,20.993501005229128
1993.1,463.9,20.9,22.19617224880383,21.109178247475118
1993.11,462.89,21.39,21.640486208508648,21.037901189606373
1993.12,465.95,21.89,21.28597533120146,21.164732079814645
1994.01,472.99,22.1567,21.347493083356277,21.41197491382654
1994.02,471.58,22.4333,21.021427966460575,21.263840187313026
1994.03,463.81,22.71,20.42316160281814,20.833375889460406
1994.04,447.23,23.54,18.99872557349193,20.055250085063847
1994.05,450.9,24.37,18.502256873204757,20.196492421281455
1994.06,454.83,25.2,18.048809523809524,20.29076369067031
1994.07,451.4,25.91,17.42184484754921,20.067951816142152
1994.08,464.24,26.62,17.43951915852742,20.535549404755642
1994.09,466.96,27.33,17.08598609586535,20.576450100818864
1994.1,463.81,28.42,16.31984517945109,20.395759282410253
1994.11,461.01,29.51,15.622161978990171,20.20947302039405
1994.12,455.19,30.6,14.875490196078431,19.911484108090335
1995.01,465.25,31.25,14.888,20.219119422457304
1995.02,481.92,31.9,15.107210031347963,20.802571764332683
1995.03,493.15,32.55,15.150537634408602,21.15273730203699
1995.04,507.91,33.1767,15.30923810987832,21.64273926187965
1995.05,523.81,33.8033,15.49582437217668,22.19542669801995
1995.06,539.35,34.43,15.66511762997386,22.71835675952061
1995.07,557.37,34.68,16.07179930795848,23.376412691512137
1995.08,559.11,34.93,16.006584597766963,23.28407025623054
1995.09,578.77,35.18,16.45167708925526,23.94600707529987
1995.1,582.92,34.7733,16.763436314643705,23.92676276408328
1995.11,595.53,34.3667,17.328693182644827,24.34758688111482
1995.12,614.57,33.96,18.096878680800945,25.027380664939116
1996.01,614.42,33.9867,18.07824825593541,24.76246519464403
1996.02,649.54,34.0133,19.09664748789444,25.97606555059339
1996.03,647.07,34.04,19.00910693301998,25.629930395216117
1996.04,647.17,34.33,18.851441887561897,25.424203848381524
1996.05,661.23,34.62,19.099653379549395,25.81404382769903
1996.06,668.5,34.91,19.14924090518476,25.96667355833385
1996.07,644.07,35.2733,18.25942001457193,24.858411332348393
1996.08,662.68,35.6367,18.59543672674518,25.412529121454945
1996.09,674.88,36.0,18.746666666666666,25.680115512876764
1996.1,701.46,36.91,19.004605797886754,26.483467720897202
1996.11,735.67,37.82,19.451877313590693,27.5856120490128
1996.12,743.25,38.73,19.190549961270335,27.72394616389397
1997.01,766.22,39.2333,19.529838173184515,28.332870129950372
1997.02,798.39,39.7367,20.092005627039992,29.26563488357595
1997.03,792.16,40.24,19.685884691848905,28.802458591871662
1997.04,763.93,40.3433,18.93573406240937,27.585160338136546
1997.05,833.09,40.4467,20.59723042918211,29.92836222468878
1997.06,876.29,40.55,21.610110974106043,31.25656061638128
1997.07,925.29,40.58,22.801626416954164,32.76663768966994
1997.08,927.24,40.61,22.832799803004185,32.58628348671318
1997.09,937.02,40.64,23.056594488188974,32.666581341708635
1997.1,951.16,40.3333,23.582498828511426,32.901498179798125
1997.11,938.92,40.0267,23.457342224065435,32.336600532812675
1997.12,962.37,39.72,24.228851963746223,33.030789042905425
1998.01,963.36,39.66,24.29046898638427,32.859968415052236
1998.02,1023.74,39.6,25.852020202020203,34.70967778226998
1998.03,1076.83,39.54,27.233940313606475,36.29692773642508
1998.04,1112.2,39.35,28.264294790343076,37.27693404302875
1998.05,1108.42,39.16,28.304902962206338,36.956598518968995
1998.06,1108.39,38.97,28.442134975622277,36.802293460092024
1998.07,1156.58,38.6767,29.903792205643192,38.25964508524856
1998.08,1074.62,38.3833,27.997071643136465,35.42340102487832
1998.09,1020.64,38.09,26.795484379102124,33.5323569808349
1998.1,1032.47,37.9633,27.196529279593715,33.773102879048146
1998.11,1144.43,37.8367,30.24655955725526,37.36939188392094
1998.12,1190.05,37.71,31.55794219040042,38.82027478009814
1999.01,1248.77,37.93333333,32.920123025739905,40.57695767720811
1999.02,1246.58,38.15666667,32.670044550304006,40.40015922925994
1999.03,1281.66,38.38,33.39395518499218,41.35610363271298
1999.04,1334.76,39.26,33.99796230259807,42.70450951689213
1999.05,1332.07,40.14,33.18560039860488,42.55667670951804
1999.06,1322.55,41.02,32.24158946855192,42.180675911746924
1999.07,1380.99,42.0,32.880714285714284,43.828035992805404
1999.08,1327.49,42.98,30.886226151698466,41.930712159940455
1999.09,1318.17,43.96,29.98566878980892,41.32345133471502
1999.1,1300.01,45.36333333333334,28.657726504519065,40.55285439953987
1999.11,1391.0,46.76666666666667,29.74340698503207,43.208290714613916
1999.12,1428.68,48.17,29.65912393605979,44.19793976104055
2000.01,1425.59,49.09666666666667,29.036390793672343,43.77257814693799
2000.02,1388.87,50.02333333333333,27.764443259812086,42.18563588791731
2000.03,1442.21,50.95,28.30637880274779,43.22074843996587
2000.04,1461.36,51.27333333333333,28.50136523208945,43.52857428850774
2000.05,1418.48,51.59666666666667,27.491698430131144,41.96605050332432
2000.06,1461.96,51.92,28.157935285053927,42.781971567071444
2000.07,1473.0,52.51333333333334,28.05001904278278,42.75809361826958
2000.08,1485.46,53.10666666666666,27.971252824504145,42.869565494419476
2000.09,1468.05,53.7,27.33798882681564,41.89800792488472
2000.1,1390.14,52.46666666666667,26.495679796696315,39.369699044201354
2000.11,1378.04,51.23333333333333,26.897332465842553,38.78214245678476
2000.12,1330.93,50.0,26.6186,37.27423800449718
2001.01,1335.63,48.48,27.55012376237624,36.97886799702981
2001.02,1305.75,46.96,27.805579216354342,35.834662651431266
2001.03,1185.85,45.44,26.097051056338028,32.32583723617873
2001.04,1189.84,42.556666666666665,27.95895668520404,32.17390116836067
2001.05,1270.37,39.67333333333333,32.020752814653,34.074643217140014
2001.06,1238.71,36.79,33.66974721391683,33.06853441111275
2001.07,1204.45,33.96333333333333,35.463244675630584,32.16303868744433
2001.08,1178.5,31.136666666666667,37.84926667380366,31.404318760780118
2001.09,1044.64,28.31,36.900035323207355,27.66739258686248
2001.1,1076.59,27.103333333333335,39.721682449883154,28.57737311336008
2001.11,1129.68,25.896666666666665,43.622602651563916,30.00510381105679
2001.12,1144.93,24.69,46.37221547185095,30.499953255020433
2002.01,1140.21,24.69333333333333,46.1748110151188,30.277204433095978
2002.02,1100.67,24.69666666666667,44.567552976110136,29.085704152008407
2002.03,1153.79,24.7,46.71214574898785,30.292130640918653
2002.04,1111.93,25.38,43.81126871552404,29.00588325311866
2002.05,1079.25,26.06,41.41404451266309,28.128107508688316
2002.06,1014.02,26.74,37.92146596858639,26.38767254118334
2002.07,903.59,27.84,32.45653735632184,23.463120467431427
2002.08,912.55,28.939999999999998,31.532480995162405,23.58871352884236
2002.09,867.81,30.04,28.88848202396804,22.365036801224317
2002.1,854.63,29.223333333333333,29.24478156724079,21.95623386365907
2002.11,909.93,28.406666666666666,32.032269420323864,23.348396502725116
2002.12,899.18,27.59,32.59079376585719,23.101442537685614
2003.01,895.84,28.5,31.43298245614035,22.8983485766132
2003.02,837.03,29.41,28.46072764365862,21.214102123415266
2003.03,846.63,30.32,27.923153034300793,21.30971902699097
2003.04,890.03,31.73,28.05011030570438,22.42793957773088
2003.05,935.96,33.13999999999999,28.242607121303568,23.591080453481464
2003.06,988.0,34.55,28.596237337192477,24.832223259531045
2003.07,992.54,35.89333333333333,27.652488855869244,24.867329101268762
2003.08,989.53,37.236666666666665,26.574075731805568,24.642251409932143
2003.09,1019.44,38.58,26.424053913945052,25.243686752606234
2003.1,1038.73,41.96666666666667,24.751310563939633,25.682756070579668
2003.11,1049.9,45.35333333333333,23.149345876819055,25.946798218420103
2003.12,1080.64,48.74,22.171522363561756,26.635170511081512
2004.01,1132.52,49.826666666666675,22.729194541075724,27.65854035573655
2004.02,1143.36,50.913333333333334,22.45698572737986,27.6508620367402
2004.03,1123.98,52.0,21.615000000000002,26.886530384035847
2004.04,1133.36,53.38333333333333,21.230596315953793,26.900577508444865
2004.05,1102.78,54.76666666666667,20.135970785149116,25.90281429294374
2004.06,1132.76,56.15,20.173820124666072,26.401285366474895
2004.07,1105.85,56.69,19.506967719174458,25.69588864626854
2004.08,1088.94,57.23,19.027433164424256,25.174462226477758
2004.09,1117.66,57.77,19.346719750735677,25.66840677635768
2004.1,1117.21,58.03,19.25228330174048,25.41165566548932
2004.11,1168.94,58.29,20.053868588094012,26.465310814818036
2004.12,1199.21,58.55,20.481810418445775,27.144808694741215
2005.01,1181.41,59.10666666666666,19.98776223776224,26.587250697970365
2005.02,1199.63,59.663333333333334,20.10665400301693,26.74486312810117
2005.03,1194.9,60.22,19.84224510129525,26.33914213105792
2005.04,1164.43,61.23333333333333,19.016276537833427,25.40892256911446
2005.05,1178.28,62.24666666666667,18.929206383206598,25.65023018718296
2005.06,1202.25,63.26,19.004900411002215,26.068394871883985
2005.07,1222.24,64.33,18.999533654593503,26.28787109125474
2005.08,1224.27,65.39999999999999,18.719724770642205,26.104381410936142
2005.09,1225.92,66.47,18.44320746201294,25.730122990164464
2005.1,1191.96,67.58999999999999,17.63515312916112,24.876538723647947
2005.11,1237.37,68.71,18.008586814146412,25.931783309069008
2005.12,1262.07,69.83,18.073464127165973,26.443803114292393
2006.01,1278.73,70.77666666666666,18.06711251354025,26.468702626685708
2006.02,1276.65,71.72333333333334,17.799646790909513,26.249624763583277
2006.03,1293.74,72.67,17.802944819045,26.327837778667668
2006.04,1302.17,73.27666666666666,17.770595460128284,26.147280943874513
2006.05,1290.01,73.88333333333333,17.460094743965712,25.650640708757326
2006.06,1253.17,74.49,16.82333199087126,24.74958224164637
2006.07,1260.24,75.85,16.614897824653923,24.6967867668533
2006.08,1287.15,77.21,16.6707680352286,25.05139356201095
2006.09,1317.74,78.57,16.771541300750926,25.644156440797378
2006.1,1363.38,79.55,17.138654934003775,26.538040282101708
2006.11,1388.64,80.53,17.243760089407676,26.928020270856482
2006.12,1416.42,81.51,17.377254324622747,27.28268978757168
2007.01,1424.16,82.05666666666667,17.35581102490149,27.20753665680713
2007.02,1444.8,82.60333333333334,17.490819579516565,27.315181413516612
2007.03,1406.95,83.15,16.92062537582682,26.227605554650886
2007.04,1463.64,83.74000000000001,17.478385478863146,26.97626831418907
2007.05,1511.14,84.33000000000001,17.919364401755008,27.548490451851258
2007.06,1514.19,84.92,17.83078191238813,27.4182627404106
2007.07,1520.71,82.81333333333333,18.363105780067624,27.410088167204318
2007.08,1454.62,80.70666666666666,18.023542045266808,26.14860718931231
2007.09,1497.12,78.6,19.04732824427481,26.725743047696906
2007.1,1539.66,74.46000000000001,20.67767929089444,27.32064813046201
2007.11,1463.39,70.32000000000001,20.810437997724687,25.729053579498377
2007.12,1479.22,66.18,22.35146569960713,25.95551010524023
2008.01,1378.76,64.25,21.45929961089494,24.02231776083682
2008.02,1354.87,62.32,21.74053273427471,23.495263401811787
2008.03,1316.94,60.39,21.807252856433184,22.606810842249335
2008.04,1370.47,57.383333333333326,23.88271855939588,23.35604064320161
2008.05,1403.22,54.376666666666665,25.805553852755473,23.69643211662318
2008.06,1341.25,51.37,26.109597041074558,22.41681280228194
2008.07,1257.33,49.56333333333333,25.36814849687269,20.90720646266158
2008.08,1281.47,47.75666666666667,26.833321700286174,21.401617360047926
2008.09,1216.95,45.95,26.48422198041349,20.362733946097514
2008.1,968.8,35.593333333333334,27.218580258475367,16.387356548789832
2008.11,883.04,25.236666666666668,34.990357944789324,15.259659405704582
2008.12,877.56,14.88,58.9758064516129,15.376080747423769
2009.01,865.58,12.206666666666667,70.91043145821955,15.174651936879666
2009.02,805.23,9.533333333333333,84.46468531468531,14.122181801918897
2009.03,757.13,6.86,110.36880466472303,13.323667656863927
2009.04,848.15,7.076666666666666,119.85162505887895,14.981866453039245
2009.05,902.41,7.293333333333333,123.73080438756855,15.996355755263155
2009.06,926.12,7.51,123.31824234354195,16.38418281621534
2009.07,935.82,9.186666666666667,101.86719883889695,16.694620816995617
2009.08,1009.73,10.863333333333333,92.94845044492176,18.094069801576083
2009.09,1044.55,12.54,83.29744816586923,18.83190226484009
2009.1,1067.66,25.349999999999998,42.11676528599606,19.358008443486845
2009.11,1088.07,38.16,28.513364779874216,19.81276107996607
2009.12,1110.38,50.97,21.784971551893275,20.32237650021655
2010.01,1123.58,54.28999999999999,20.695892429545037,20.527859801454422
2010.02,1089.16,57.61,18.90574553028988,19.920539306600453
2010.03,1152.05,60.93,18.907763006729034,21.004601209715368
2010.04,1197.32,62.986666666666665,19.009102455546145,21.804845599625164
2010.05,1125.06,65.04333333333332,17.297083995285195,20.48006863842341
2010.06,1083.36,67.1,16.145454545454545,19.74203985373946
2010.07,1079.8,68.68666666666667,15.72066388430554,19.66866047071771
2010.08,1087.28,70.27333333333333,15.472156341903046,19.77029917435858
2010.09,1122.08,71.86,15.614806568327301,20.381395233204035
2010.1,1171.58,73.69,15.89876509702809,21.240127651759426
2010.11,1198.89,75.52,15.875132415254239,21.70072382776062
2010.12,1241.53,77.35,16.050808015513898,22.396379773044213
2011.01,1282.62,78.67,16.30380068641159,22.978299430554983
2011.02,1321.12,79.99000000000001,16.516064508063504,23.489828703298535
2011.03,1304.49,81.31,16.043414094207353,22.89933643014364
2011.04,1331.51,82.16333333333334,16.205647287922428,23.14392944728595
2011.05,1338.31,83.01666666666667,16.120979722947197,23.05949150609534
2011.06,1287.29,83.87,15.348634791939906,22.10083128661099
2011.07,1325.19,84.90666666666667,15.607608354271358,22.610981701156625
2011.08,1185.31,85.94333333333334,13.791762013729976,20.049852721660496
2011.09,1173.88,86.98,13.495976086456658,19.69811456887771
2011.1,1207.22,86.97,13.880878463838105,20.155824786688747
2011.11,1226.42,86.96000000000001,14.103265869365226,20.34524679764582
2011.12,1243.32,86.95,14.299252443933295,20.523575499431697
2012.01,1300.58,87.48,14.867169638774575,21.213008091803452
2012.02,1352.49,88.01,15.367458243381433,21.79743596371753
2012.03,1389.24,88.54,15.69053535125367,22.053943972904708
2012.04,1386.43,88.33333333333334,15.69543396226415,21.779246906824888
2012.05,1341.27,88.12666666666667,15.219797261517513,20.941467419743475
2012.06,1323.48,87.92,15.053230209281164,20.547504086856083
2012.07,1359.78,87.44666666666667,15.549820843180603,20.999341293380557
2012.08,1403.45,86.97333333333333,16.13655526598191,21.410428453442933
2012.09,1443.42,86.5,16.68693641618497,21.783690301727678
2012.1,1437.82,86.50333333333333,16.621556009402337,21.577109654528787
2012.11,1394.51,86.50666666666667,16.12026048088779,20.898162059573696
2012.12,1422.29,86.51,16.44075829383886,21.23826113984562
2013.01,1480.4,86.90666666666667,17.034366370052165,21.900475413821813
2013.02,1512.31,87.30333333333334,17.3224771868199,22.05272433686195
2013.03,1550.83,87.7,17.68335233751425,22.419207114602578
2013.04,1570.7,88.78333333333333,17.69138351792754,22.59565539610559
2013.05,1639.84,89.86666666666667,18.24747774480712,23.41184178184241
2013.06,1618.77,90.95,17.79846069268829,22.925333173915337
2013.07,1668.68,92.09,18.12009990226952,23.492460177159643
2013.08,1670.09,93.23,17.913654403089133,23.3566490949161
2013.09,1687.17,94.37,17.878245205043974,23.442287167960608
2013.1,1720.03,96.31333333333333,17.858690385547174,23.834737887631437
2013.11,1783.54,98.25666666666666,18.15184720290396,24.642077092412066
2013.12,1807.78,100.2,18.041716566866267,24.861869296461947
2014.01,1822.36,100.41666666666666,18.147983402489626,24.859609093632724
2014.02,1817.04,100.63333333333333,18.05604504802915,24.59093087789414
2014.03,1863.52,100.85,18.478135845314824,24.95603915396539
2014.04,1864.26,101.60666666666667,18.34781182337117,24.78631539696264
2014.05,1889.77,102.36333333333334,18.461395682047606,24.943274109902593
2014.06,1947.09,103.12,18.88178820791311,25.558007623511294
2014.07,1973.1,104.06666666666666,18.959961563100578,25.817545976158748
2014.08,1961.53,105.01333333333334,18.678866175723716,25.6176064217994
2014.09,1993.23,105.96,18.811155152887885,25.918436892606202
2014.1,1937.27,104.74333333333334,18.495401457531106,25.16274828308326
2014.11,2044.57,103.52666666666667,19.749211153326033,26.60681714714343
2014.12,2054.27,102.31,20.078877920046917,26.794085482572566
2015.01,2028.18,101.28999999999999,20.023496890117485,26.492295420383137
2015.02,2082.2,100.27000000000001,20.76593198364416,26.99551369938325
2015.03,2079.99,99.25,20.957078085642316,26.728605452928488
2015.04,2094.86,97.80333333333334,21.41910636992604,26.791371680192338
2015.05,2111.94,96.35666666666667,21.917943750648632,26.806111379650833
2015.06,2099.29,94.91,22.118744073332632,26.495895292784848
2015.07,2094.14,93.49333333333334,22.39881631488876,26.381136336399692
2015.08,2039.87,92.07666666666667,22.154038301415486,25.693658417057698
2015.09,1944.41,90.66,21.447275534965808,24.496752170486435
2015.1,2024.81,89.28333333333333,22.67847675938025,25.491441046066747
2015.11,2080.62,87.90666666666667,23.66851205824359,26.22585189097193
2015.12,2054.08,86.53,23.738356639315843,25.965424037124176
2016.01,1918.6,86.5,22.18034682080925,24.206167203878476
2016.02,1904.42,86.47,22.024054585405345,24.00260677728976
2016.03,2021.95,86.44,23.391369736233226,25.372298620187912
2016.04,2075.54,86.6,23.966974595842956,25.922337543673883
2016.05,2065.55,86.75999999999999,23.80763024435224,25.694709923449977
2016.06,2083.89,86.92,23.9748044178555,25.84037292767051
2016.07,2148.9,87.64333333333333,24.51869318830107,26.694003256096302
2016.08,2170.95,88.36666666666667,24.567521689928324,26.948872433723864
2016.09,2157.69,89.09,24.21921652261758,26.72787334647854
2016.1,2143.02,90.91,23.5729842701573,26.525143085070596
2016.11,2164.99,92.73,23.347244688881695,26.85095353105626
2016.12,2246.63,94.55,23.761290322580646,27.865098223923525
2017.01,2275.12,96.46333333333334,23.585334669477174,28.06357374212446
2017.02,2329.91,98.37666666666667,23.683563175549757,28.655106525184127
2017.03,2366.82,100.29,23.599760693987438,29.086921742464643
2017.04,2359.31,101.53333333333333,23.236802363755746,28.904245956275155
2017.05,2395.35,102.77666666666667,23.3063600687575,29.31334498027143
2017.06,2433.99,104.02,23.399250144203037,29.748503240632747
2017.07,2454.1,105.03999999999999,23.363480578827115,30.00222074401856
2017.08,2456.22,106.06,23.158778050160283,29.914959397497487
2017.09,2492.84,107.08,23.280164363093018,30.168114410678903
2017.1,2557.0,108.01333333333334,23.673003332921862,30.920393290333838
2017.11,2593.61,108.94666666666666,23.80623546689512,31.298913333880268
2017.12,2664.34,109.88,24.247724790680746,32.086132007706
2018.01,2789.8,111.73333333333332,24.968377088305495,33.30734382803066
2018.02,2705.16,113.58666666666666,23.81582345345698,32.03538233925029
2018.03,2702.77,115.44,23.41276853776854,31.80840905764312
2018.04,2653.63,117.78666666666666,22.529120443740098,30.97017929332522
2018.05,2701.49,120.13333333333333,22.48743063263041,31.243615074864607
2018.06,2754.35,122.48,22.48816133246244,31.6305564964546
2018.07,2793.64,125.11666666666667,22.32828027174637,31.886366962158977
2018.08,2857.82,127.75333333333333,22.36982727130408,32.390276880301116
2018.09,2901.5,130.39,22.252473349183223,32.622891120500185
2018.1,2785.46,131.05666666666667,21.253859653584964,31.0379610780065
2018.11,2723.23,131.72333333333333,20.673861882227904,30.195583406705246
2018.12,2567.31,132.39,19.39202356673465,28.291857012072875
2019.01,2607.39,133.05666666666664,19.596086880276577,28.38016446354758
2019.02,2754.86,133.7233333333333,20.60119151481916,29.541548965131213
2019.03,2803.98,134.39,20.864498846640377,29.576196014784816
2019.04,2903.8,134.68333333333334,21.560202945180052,30.13351717138751
2019.05,2854.71,134.97666666666666,21.149655496011658,29.242030936939845
2019.06,2890.17,135.27,21.36593479707252,29.283796275306262
2019.07,2996.1136363636365,134.48000000000002,22.279250716564814,29.98668533504252
2019.08,2897.498181818182,133.69,21.67326039208753,28.705397371833072
2019.09,2982.156,132.9,22.439097065462754,29.22952023303527
2019.1,2977.68,135.09,22.042194092827003,28.841122881953403
2019.11,3104.9044999999996,137.28,22.617311334498833,29.836867659083424
2019.12,3176.7495238095235,139.47,22.77729636344392,30.331822322243287
2020.01,3278.2028571428577,131.75666666666666,24.88073613334828,30.985220300230694
2020.02,3277.3142105263164,124.04333333333332,26.420720263292264,30.729689264735743
2020.03,2652.3936363636367,116.33,22.80059861053586,24.817168629099413
2020.04,2761.975238095238,110.63,24.96587940066201,25.927358825280162
2020.05,2919.615,104.93,27.824406747355376,27.328480997698456
2020.06,3104.6609090909087,99.23,31.287523018148832,28.838315955122845
2020.07,3207.6190909090906,98.89333333333335,32.43513978942723,29.599194927666993
2020.08,3391.71,98.55666666666667,34.41380593228938,31.15820896535522
2020.09,3365.5166666666664,98.22,34.26508518292269,30.83942604381124
2020.1,3418.701363636364,96.85666666666667,35.296500295657125,31.28369403259284
2020.11,3548.992500000001,95.49333333333334,37.164819533649826,32.47320409661256
2020.12,3695.3099999999995,94.13,39.257516200998616,33.7655914181171
2021.01,3793.748421052632,105.48666666666665,35.964245917834475,34.5124322941069
2021.02,3883.4321052631576,116.84333333333332,33.23623175131793,35.103907171969816
2021.03,3910.5082608695648,128.2,30.503184562165096,35.04254511219207
2021.04,4141.176190476191,138.38666666666666,29.924676200569834,36.719814109133
2021.05,4167.849500000001,148.57333333333332,28.052473525980446,36.55213398979905
2021.06,4238.489545454546,158.76,26.69746501294121,36.696258013088354
2021.07,4363.7128571428575,164.31666666666666,26.556726993465002,37.443383184615385
2021.08,4454.206363636363,169.87333333333333,26.220750933850887,37.973500614070474
2021.09,4445.543333333333,175.43,25.340838701096352,37.62034668665119
2021.1,4460.707142857143,182.91,24.387442692346742,37.2530250003253
2021.11,4667.386666666667,190.39,24.514872980023465,38.5826274977192
2021.12,4674.772727272726,197.87,23.625474944522797,38.30484987346744
2022.01,4573.8155,197.88333333333333,23.113697464836182,36.936758070297444
2022.02,4435.980526315789,197.89666666666665,22.415640450314754,35.28714922569486
2022.03,4391.265217391306,197.91,22.18819270067862,34.270798693291724
2022.04,4391.295999999999,196.02666666666664,22.401523602230988,33.88916475591384
2022.05,4040.3599999999997,194.14333333333332,20.811221949418815,30.67315507954513
2022.06,3898.9466666666676,192.26,20.279551995561572,29.047721395103835
2022.07,3911.729499999999,190.58333333333331,20.52503454306952,29.00461831720893
2022.08,4158.5630434782615,188.90666666666664,22.013850103110506,30.69876336517529
2022.09,3850.520476190475,187.23,20.565723848691317,28.22988465582196
2022.1,3726.050952380952,182.40333333333334,20.42753761287779,27.08076692540069
2022.11,3917.488571428571,177.57666666666665,22.060829527688913,28.378949016273314
2022.12,3912.380952380953,172.75,22.647646612914347,28.316901284527283
2023.01,3960.6565,173.55666666666667,22.820537960704478,28.334813423755683
2023.02,4079.684736842105,174.36333333333332,23.397606932891694,28.91976294386663
2023.03,3968.5591304347827,175.17,22.655472571985975,27.953041469070055
2023.04,4121.467368421053,177.17,23.262783588762506,28.76468407710037
2023.05,4146.1731818181825,179.17,23.141001182219025,28.761805827303075
2023.06,4345.372857142857,181.17,23.985057444073842,29.939593027231528
2023.07,4508.075500000001,,,30.8909260883331
2023.08,4457.358695652174,,,30.469742507138623
2023.09,4515.77,,,30.810960610791547
